gap_id,timestamp_before,timestamp_after,duration_minutes,estimated_missing_m15_timestamps,is_grid_aligned_interval,crosses_utc_date,weekday_before,weekday_after,preliminary_category,classification_reason
1,2010-01-08T22:00:00Z,2010-01-10T22:00:00Z,2880.0,191,True,True,Friday,Sunday,likely_weekly_closure,duration >= 1440 configured minutes; Friday/Saturday before and Sunday/Monday after
2,2010-01-15T21:45:00Z,2010-01-17T22:00:00Z,2895.0,192,True,True,Friday,Sunday,likely_weekly_closure,duration >= 1440 configured minutes; Friday/Saturday before and Sunday/Monday after
3,2010-01-22T21:45:00Z,2010-01-24T22:00:00Z,2895.0,192,True,True,Friday,Sunday,likely_weekly_closure,duration >= 1440 configured minutes; Friday/Saturday before and Sunday/Monday after
4,2010-01-29T21:45:00Z,2010-01-31T22:00:00Z,2895.0,192,True,True,Friday,Sunday,likely_weekly_closure,duration >= 1440 configured minutes; Friday/Saturday before and Sunday/Monday after
5,2010-02-05T21:45:00Z,2010-02-07T22:00:00Z,2895.0,192,True,True,Friday,Sunday,likely_weekly_closure,duration >= 1440 configured minutes; Friday/Saturday before and Sunday/Monday after
6,2010-02-12T21:45:00Z,2010-02-14T22:00:00Z,2895.0,192,True,True,Friday,Sunday,likely_weekly_closure,duration >= 1440 configured minutes; Friday/Saturday before and Sunday/Monday after
7,2010-02-19T22:00:00Z,2010-02-21T22:00:00Z,2880.0,191,True,True,Friday,Sunday,likely_weekly_closure,duration >= 1440 configured minutes; Friday/Saturday before and Sunday/Monday after
8,2010-02-26T22:00:00Z,2010-02-28T22:00:00Z,2880.0,191,True,True,Friday,Sunday,likely_weekly_closure,duration >= 1440 configured minutes; Friday/Saturday before and Sunday/Monday after
9,2010-03-05T21:45:00Z,2010-03-07T22:00:00Z,2895.0,192,True,True,Friday,Sunday,likely_weekly_closure,duration >= 1440 configured minutes; Friday/Saturday before and Sunday/Monday after
10,2010-03-12T21:45:00Z,2010-03-14T21:00:00Z,2835.0,188,True,True,Friday,Sunday,likely_weekly_closure,duration >= 1440 configured minutes; Friday/Saturday before and Sunday/Monday after
11,2010-03-19T20:45:00Z,2010-03-21T21:00:00Z,2895.0,192,True,True,Friday,Sunday,likely_weekly_closure,duration >= 1440 configured minutes; Friday/Saturday before and Sunday/Monday after
12,2010-03-26T20:45:00Z,2010-03-28T21:00:00Z,2895.0,192,True,True,Friday,Sunday,likely_weekly_closure,duration >= 1440 configured minutes; Friday/Saturday before and Sunday/Monday after
13,2010-04-02T20:00:00Z,2010-04-02T20:30:00Z,30.0,1,True,False,Friday,Friday,non_weekend_intraday,both endpoints are Monday-Friday; duration is below the configured large-gap threshold; interval is within one UTC date
14,2010-04-02T20:45:00Z,2010-04-04T21:00:00Z,2895.0,192,True,True,Friday,Sunday,likely_weekly_closure,duration >= 1440 configured minutes; Friday/Saturday before and Sunday/Monday after
15,2010-04-09T20:45:00Z,2010-04-11T21:00:00Z,2895.0,192,True,True,Friday,Sunday,likely_weekly_closure,duration >= 1440 configured minutes; Friday/Saturday before and Sunday/Monday after
16,2010-04-16T20:45:00Z,2010-04-18T21:00:00Z,2895.0,192,True,True,Friday,Sunday,likely_weekly_closure,duration >= 1440 configured minutes; Friday/Saturday before and Sunday/Monday after
17,2010-04-23T21:00:00Z,2010-04-25T21:00:00Z,2880.0,191,True,True,Friday,Sunday,likely_weekly_closure,duration >= 1440 configured minutes; Friday/Saturday before and Sunday/Monday after
18,2010-04-30T20:45:00Z,2010-05-02T21:00:00Z,2895.0,192,True,True,Friday,Sunday,likely_weekly_closure,duration >= 1440 configured minutes; Friday/Saturday before and Sunday/Monday after
19,2010-05-07T21:00:00Z,2010-05-09T21:00:00Z,2880.0,191,True,True,Friday,Sunday,likely_weekly_closure,duration >= 1440 configured minutes; Friday/Saturday before and Sunday/Monday after
20,2010-05-14T21:00:00Z,2010-05-16T21:00:00Z,2880.0,191,True,True,Friday,Sunday,likely_weekly_closure,duration >= 1440 configured minutes; Friday/Saturday before and Sunday/Monday after
21,2010-05-21T21:00:00Z,2010-05-23T21:00:00Z,2880.0,191,True,True,Friday,Sunday,likely_weekly_closure,duration >= 1440 configured minutes; Friday/Saturday before and Sunday/Monday after
22,2010-05-28T20:45:00Z,2010-05-30T21:00:00Z,2895.0,192,True,True,Friday,Sunday,likely_weekly_closure,duration >= 1440 configured minutes; Friday/Saturday before and Sunday/Monday after
23,2010-06-04T20:45:00Z,2010-06-06T21:00:00Z,2895.0,192,True,True,Friday,Sunday,likely_weekly_closure,duration >= 1440 configured minutes; Friday/Saturday before and Sunday/Monday after
24,2010-06-11T20:45:00Z,2010-06-13T21:00:00Z,2895.0,192,True,True,Friday,Sunday,likely_weekly_closure,duration >= 1440 configured minutes; Friday/Saturday before and Sunday/Monday after
25,2010-06-18T21:00:00Z,2010-06-20T21:00:00Z,2880.0,191,True,True,Friday,Sunday,likely_weekly_closure,duration >= 1440 configured minutes; Friday/Saturday before and Sunday/Monday after
26,2010-06-25T20:45:00Z,2010-06-27T21:00:00Z,2895.0,192,True,True,Friday,Sunday,likely_weekly_closure,duration >= 1440 configured minutes; Friday/Saturday before and Sunday/Monday after
27,2010-07-02T20:45:00Z,2010-07-04T21:00:00Z,2895.0,192,True,True,Friday,Sunday,likely_weekly_closure,duration >= 1440 configured minutes; Friday/Saturday before and Sunday/Monday after
28,2010-07-09T20:45:00Z,2010-07-11T21:00:00Z,2895.0,192,True,True,Friday,Sunday,likely_weekly_closure,duration >= 1440 configured minutes; Friday/Saturday before and Sunday/Monday after
29,2010-07-16T20:45:00Z,2010-07-18T21:00:00Z,2895.0,192,True,True,Friday,Sunday,likely_weekly_closure,duration >= 1440 configured minutes; Friday/Saturday before and Sunday/Monday after
30,2010-07-23T20:45:00Z,2010-07-25T21:00:00Z,2895.0,192,True,True,Friday,Sunday,likely_weekly_closure,duration >= 1440 configured minutes; Friday/Saturday before and Sunday/Monday after
31,2010-07-30T20:45:00Z,2010-08-01T21:00:00Z,2895.0,192,True,True,Friday,Sunday,likely_weekly_closure,duration >= 1440 configured minutes; Friday/Saturday before and Sunday/Monday after
32,2010-08-06T20:45:00Z,2010-08-08T21:00:00Z,2895.0,192,True,True,Friday,Sunday,likely_weekly_closure,duration >= 1440 configured minutes; Friday/Saturday before and Sunday/Monday after
33,2010-08-13T20:45:00Z,2010-08-15T21:00:00Z,2895.0,192,True,True,Friday,Sunday,likely_weekly_closure,duration >= 1440 configured minutes; Friday/Saturday before and Sunday/Monday after
34,2010-08-20T21:00:00Z,2010-08-22T21:00:00Z,2880.0,191,True,True,Friday,Sunday,likely_weekly_closure,duration >= 1440 configured minutes; Friday/Saturday before and Sunday/Monday after
35,2010-08-27T20:45:00Z,2010-08-29T21:00:00Z,2895.0,192,True,True,Friday,Sunday,likely_weekly_closure,duration >= 1440 configured minutes; Friday/Saturday before and Sunday/Monday after
36,2010-09-03T20:45:00Z,2010-09-05T21:00:00Z,2895.0,192,True,True,Friday,Sunday,likely_weekly_closure,duration >= 1440 configured minutes; Friday/Saturday before and Sunday/Monday after
37,2010-09-10T21:00:00Z,2010-09-12T21:00:00Z,2880.0,191,True,True,Friday,Sunday,likely_weekly_closure,duration >= 1440 configured minutes; Friday/Saturday before and Sunday/Monday after
38,2010-09-17T20:45:00Z,2010-09-19T21:00:00Z,2895.0,192,True,True,Friday,Sunday,likely_weekly_closure,duration >= 1440 configured minutes; Friday/Saturday before and Sunday/Monday after
39,2010-09-24T20:45:00Z,2010-09-26T21:00:00Z,2895.0,192,True,True,Friday,Sunday,likely_weekly_closure,duration >= 1440 configured minutes; Friday/Saturday before and Sunday/Monday after
40,2010-10-01T21:00:00Z,2010-10-03T21:00:00Z,2880.0,191,True,True,Friday,Sunday,likely_weekly_closure,duration >= 1440 configured minutes; Friday/Saturday before and Sunday/Monday after
41,2010-10-08T20:45:00Z,2010-10-10T21:00:00Z,2895.0,192,True,True,Friday,Sunday,likely_weekly_closure,duration >= 1440 configured minutes; Friday/Saturday before and Sunday/Monday after
42,2010-10-15T20:45:00Z,2010-10-17T21:00:00Z,2895.0,192,True,True,Friday,Sunday,likely_weekly_closure,duration >= 1440 configured minutes; Friday/Saturday before and Sunday/Monday after
43,2010-10-22T20:45:00Z,2010-10-24T21:00:00Z,2895.0,192,True,True,Friday,Sunday,likely_weekly_closure,duration >= 1440 configured minutes; Friday/Saturday before and Sunday/Monday after
44,2010-10-29T20:45:00Z,2010-10-31T21:00:00Z,2895.0,192,True,True,Friday,Sunday,likely_weekly_closure,duration >= 1440 configured minutes; Friday/Saturday before and Sunday/Monday after
45,2010-11-05T20:45:00Z,2010-11-07T22:00:00Z,2955.0,196,True,True,Friday,Sunday,likely_weekly_closure,duration >= 1440 configured minutes; Friday/Saturday before and Sunday/Monday after
46,2010-11-12T21:45:00Z,2010-11-14T22:00:00Z,2895.0,192,True,True,Friday,Sunday,likely_weekly_closure,duration >= 1440 configured minutes; Friday/Saturday before and Sunday/Monday after
47,2010-11-19T21:45:00Z,2010-11-21T22:00:00Z,2895.0,192,True,True,Friday,Sunday,likely_weekly_closure,duration >= 1440 configured minutes; Friday/Saturday before and Sunday/Monday after
48,2010-11-26T21:45:00Z,2010-11-28T22:00:00Z,2895.0,192,True,True,Friday,Sunday,likely_weekly_closure,duration >= 1440 configured minutes; Friday/Saturday before and Sunday/Monday after
49,2010-12-03T21:45:00Z,2010-12-05T22:00:00Z,2895.0,192,True,True,Friday,Sunday,likely_weekly_closure,duration >= 1440 configured minutes; Friday/Saturday before and Sunday/Monday after
50,2010-12-10T21:45:00Z,2010-12-12T22:00:00Z,2895.0,192,True,True,Friday,Sunday,likely_weekly_closure,duration >= 1440 configured minutes; Friday/Saturday before and Sunday/Monday after
51,2010-12-17T21:45:00Z,2010-12-19T22:00:00Z,2895.0,192,True,True,Friday,Sunday,likely_weekly_closure,duration >= 1440 configured minutes; Friday/Saturday before and Sunday/Monday after
52,2010-12-24T20:00:00Z,2010-12-26T22:00:00Z,3000.0,199,True,True,Friday,Sunday,likely_weekly_closure,duration >= 1440 configured minutes; Friday/Saturday before and Sunday/Monday after
53,2010-12-31T19:45:00Z,2011-01-02T22:00:00Z,3015.0,200,True,True,Friday,Sunday,likely_weekly_closure,duration >= 1440 configured minutes; Friday/Saturday before and Sunday/Monday after
54,2011-01-07T21:45:00Z,2011-01-09T22:00:00Z,2895.0,192,True,True,Friday,Sunday,likely_weekly_closure,duration >= 1440 configured minutes; Friday/Saturday before and Sunday/Monday after
55,2011-01-14T21:45:00Z,2011-01-16T22:00:00Z,2895.0,192,True,True,Friday,Sunday,likely_weekly_closure,duration >= 1440 configured minutes; Friday/Saturday before and Sunday/Monday after
56,2011-01-21T21:45:00Z,2011-01-23T22:00:00Z,2895.0,192,True,True,Friday,Sunday,likely_weekly_closure,duration >= 1440 configured minutes; Friday/Saturday before and Sunday/Monday after
57,2011-01-28T21:45:00Z,2011-01-30T22:00:00Z,2895.0,192,True,True,Friday,Sunday,likely_weekly_closure,duration >= 1440 configured minutes; Friday/Saturday before and Sunday/Monday after
58,2011-02-04T21:45:00Z,2011-02-06T22:00:00Z,2895.0,192,True,True,Friday,Sunday,likely_weekly_closure,duration >= 1440 configured minutes; Friday/Saturday before and Sunday/Monday after
59,2011-02-11T21:45:00Z,2011-02-13T22:00:00Z,2895.0,192,True,True,Friday,Sunday,likely_weekly_closure,duration >= 1440 configured minutes; Friday/Saturday before and Sunday/Monday after
60,2011-02-18T21:45:00Z,2011-02-20T22:00:00Z,2895.0,192,True,True,Friday,Sunday,likely_weekly_closure,duration >= 1440 configured minutes; Friday/Saturday before and Sunday/Monday after
61,2011-02-25T21:45:00Z,2011-02-27T22:00:00Z,2895.0,192,True,True,Friday,Sunday,likely_weekly_closure,duration >= 1440 configured minutes; Friday/Saturday before and Sunday/Monday after
62,2011-03-04T21:45:00Z,2011-03-06T22:00:00Z,2895.0,192,True,True,Friday,Sunday,likely_weekly_closure,duration >= 1440 configured minutes; Friday/Saturday before and Sunday/Monday after
63,2011-03-11T21:45:00Z,2011-03-13T21:00:00Z,2835.0,188,True,True,Friday,Sunday,likely_weekly_closure,duration >= 1440 configured minutes; Friday/Saturday before and Sunday/Monday after
64,2011-03-18T20:45:00Z,2011-03-20T21:00:00Z,2895.0,192,True,True,Friday,Sunday,likely_weekly_closure,duration >= 1440 configured minutes; Friday/Saturday before and Sunday/Monday after
65,2011-03-25T20:45:00Z,2011-03-27T21:00:00Z,2895.0,192,True,True,Friday,Sunday,likely_weekly_closure,duration >= 1440 configured minutes; Friday/Saturday before and Sunday/Monday after
66,2011-04-01T21:00:00Z,2011-04-03T21:00:00Z,2880.0,191,True,True,Friday,Sunday,likely_weekly_closure,duration >= 1440 configured minutes; Friday/Saturday before and Sunday/Monday after
67,2011-04-08T21:00:00Z,2011-04-10T21:00:00Z,2880.0,191,True,True,Friday,Sunday,likely_weekly_closure,duration >= 1440 configured minutes; Friday/Saturday before and Sunday/Monday after
68,2011-04-15T20:45:00Z,2011-04-17T21:00:00Z,2895.0,192,True,True,Friday,Sunday,likely_weekly_closure,duration >= 1440 configured minutes; Friday/Saturday before and Sunday/Monday after
69,2011-04-22T20:45:00Z,2011-04-24T21:00:00Z,2895.0,192,True,True,Friday,Sunday,likely_weekly_closure,duration >= 1440 configured minutes; Friday/Saturday before and Sunday/Monday after
70,2011-04-29T20:45:00Z,2011-05-01T21:00:00Z,2895.0,192,True,True,Friday,Sunday,likely_weekly_closure,duration >= 1440 configured minutes; Friday/Saturday before and Sunday/Monday after
71,2011-05-06T20:45:00Z,2011-05-08T21:00:00Z,2895.0,192,True,True,Friday,Sunday,likely_weekly_closure,duration >= 1440 configured minutes; Friday/Saturday before and Sunday/Monday after
72,2011-05-13T20:45:00Z,2011-05-15T21:00:00Z,2895.0,192,True,True,Friday,Sunday,likely_weekly_closure,duration >= 1440 configured minutes; Friday/Saturday before and Sunday/Monday after
73,2011-05-20T20:45:00Z,2011-05-22T21:00:00Z,2895.0,192,True,True,Friday,Sunday,likely_weekly_closure,duration >= 1440 configured minutes; Friday/Saturday before and Sunday/Monday after
74,2011-05-27T20:45:00Z,2011-05-29T21:00:00Z,2895.0,192,True,True,Friday,Sunday,likely_weekly_closure,duration >= 1440 configured minutes; Friday/Saturday before and Sunday/Monday after
75,2011-06-03T20:45:00Z,2011-06-05T21:00:00Z,2895.0,192,True,True,Friday,Sunday,likely_weekly_closure,duration >= 1440 configured minutes; Friday/Saturday before and Sunday/Monday after
76,2011-06-10T20:45:00Z,2011-06-12T21:00:00Z,2895.0,192,True,True,Friday,Sunday,likely_weekly_closure,duration >= 1440 configured minutes; Friday/Saturday before and Sunday/Monday after
77,2011-06-17T20:45:00Z,2011-06-19T21:00:00Z,2895.0,192,True,True,Friday,Sunday,likely_weekly_closure,duration >= 1440 configured minutes; Friday/Saturday before and Sunday/Monday after
78,2011-06-24T20:45:00Z,2011-06-26T21:00:00Z,2895.0,192,True,True,Friday,Sunday,likely_weekly_closure,duration >= 1440 configured minutes; Friday/Saturday before and Sunday/Monday after
79,2011-07-01T20:45:00Z,2011-07-03T21:00:00Z,2895.0,192,True,True,Friday,Sunday,likely_weekly_closure,duration >= 1440 configured minutes; Friday/Saturday before and Sunday/Monday after
80,2011-07-08T20:45:00Z,2011-07-10T21:00:00Z,2895.0,192,True,True,Friday,Sunday,likely_weekly_closure,duration >= 1440 configured minutes; Friday/Saturday before and Sunday/Monday after
81,2011-07-15T20:45:00Z,2011-07-17T21:00:00Z,2895.0,192,True,True,Friday,Sunday,likely_weekly_closure,duration >= 1440 configured minutes; Friday/Saturday before and Sunday/Monday after
82,2011-07-22T21:00:00Z,2011-07-24T21:00:00Z,2880.0,191,True,True,Friday,Sunday,likely_weekly_closure,duration >= 1440 configured minutes; Friday/Saturday before and Sunday/Monday after
83,2011-07-29T20:45:00Z,2011-07-31T21:00:00Z,2895.0,192,True,True,Friday,Sunday,likely_weekly_closure,duration >= 1440 configured minutes; Friday/Saturday before and Sunday/Monday after
84,2011-08-05T20:45:00Z,2011-08-07T21:00:00Z,2895.0,192,True,True,Friday,Sunday,likely_weekly_closure,duration >= 1440 configured minutes; Friday/Saturday before and Sunday/Monday after
85,2011-08-12T20:45:00Z,2011-08-14T21:00:00Z,2895.0,192,True,True,Friday,Sunday,likely_weekly_closure,duration >= 1440 configured minutes; Friday/Saturday before and Sunday/Monday after
86,2011-08-19T20:45:00Z,2011-08-21T21:00:00Z,2895.0,192,True,True,Friday,Sunday,likely_weekly_closure,duration >= 1440 configured minutes; Friday/Saturday before and Sunday/Monday after
87,2011-08-26T20:45:00Z,2011-08-28T21:00:00Z,2895.0,192,True,True,Friday,Sunday,likely_weekly_closure,duration >= 1440 configured minutes; Friday/Saturday before and Sunday/Monday after
88,2011-09-02T20:45:00Z,2011-09-04T21:00:00Z,2895.0,192,True,True,Friday,Sunday,likely_weekly_closure,duration >= 1440 configured minutes; Friday/Saturday before and Sunday/Monday after
89,2011-09-09T20:45:00Z,2011-09-11T21:00:00Z,2895.0,192,True,True,Friday,Sunday,likely_weekly_closure,duration >= 1440 configured minutes; Friday/Saturday before and Sunday/Monday after
90,2011-09-16T20:45:00Z,2011-09-18T21:00:00Z,2895.0,192,True,True,Friday,Sunday,likely_weekly_closure,duration >= 1440 configured minutes; Friday/Saturday before and Sunday/Monday after
91,2011-09-23T20:45:00Z,2011-09-25T21:00:00Z,2895.0,192,True,True,Friday,Sunday,likely_weekly_closure,duration >= 1440 configured minutes; Friday/Saturday before and Sunday/Monday after
92,2011-09-30T20:45:00Z,2011-10-02T21:00:00Z,2895.0,192,True,True,Friday,Sunday,likely_weekly_closure,duration >= 1440 configured minutes; Friday/Saturday before and Sunday/Monday after
93,2011-10-07T20:45:00Z,2011-10-09T21:00:00Z,2895.0,192,True,True,Friday,Sunday,likely_weekly_closure,duration >= 1440 configured minutes; Friday/Saturday before and Sunday/Monday after
94,2011-10-14T20:45:00Z,2011-10-16T21:00:00Z,2895.0,192,True,True,Friday,Sunday,likely_weekly_closure,duration >= 1440 configured minutes; Friday/Saturday before and Sunday/Monday after
95,2011-10-21T20:45:00Z,2011-10-23T21:00:00Z,2895.0,192,True,True,Friday,Sunday,likely_weekly_closure,duration >= 1440 configured minutes; Friday/Saturday before and Sunday/Monday after
96,2011-10-28T20:45:00Z,2011-10-30T21:00:00Z,2895.0,192,True,True,Friday,Sunday,likely_weekly_closure,duration >= 1440 configured minutes; Friday/Saturday before and Sunday/Monday after
97,2011-11-04T21:00:00Z,2011-11-06T22:00:00Z,2940.0,195,True,True,Friday,Sunday,likely_weekly_closure,duration >= 1440 configured minutes; Friday/Saturday before and Sunday/Monday after
98,2011-11-11T21:45:00Z,2011-11-13T22:00:00Z,2895.0,192,True,True,Friday,Sunday,likely_weekly_closure,duration >= 1440 configured minutes; Friday/Saturday before and Sunday/Monday after
99,2011-11-18T21:45:00Z,2011-11-20T22:00:00Z,2895.0,192,True,True,Friday,Sunday,likely_weekly_closure,duration >= 1440 configured minutes; Friday/Saturday before and Sunday/Monday after
100,2011-11-25T21:45:00Z,2011-11-27T22:00:00Z,2895.0,192,True,True,Friday,Sunday,likely_weekly_closure,duration >= 1440 configured minutes; Friday/Saturday before and Sunday/Monday after
101,2011-12-02T21:45:00Z,2011-12-04T22:00:00Z,2895.0,192,True,True,Friday,Sunday,likely_weekly_closure,duration >= 1440 configured minutes; Friday/Saturday before and Sunday/Monday after
102,2011-12-09T21:45:00Z,2011-12-11T22:00:00Z,2895.0,192,True,True,Friday,Sunday,likely_weekly_closure,duration >= 1440 configured minutes; Friday/Saturday before and Sunday/Monday after
103,2011-12-16T21:45:00Z,2011-12-18T22:00:00Z,2895.0,192,True,True,Friday,Sunday,likely_weekly_closure,duration >= 1440 configured minutes; Friday/Saturday before and Sunday/Monday after
104,2011-12-23T21:45:00Z,2011-12-26T07:00:00Z,3435.0,228,True,True,Friday,Monday,likely_weekly_closure,duration >= 1440 configured minutes; Friday/Saturday before and Sunday/Monday after
105,2011-12-30T21:45:00Z,2012-01-02T07:00:00Z,3435.0,228,True,True,Friday,Monday,likely_weekly_closure,duration >= 1440 configured minutes; Friday/Saturday before and Sunday/Monday after
106,2012-01-06T21:45:00Z,2012-01-08T22:00:00Z,2895.0,192,True,True,Friday,Sunday,likely_weekly_closure,duration >= 1440 configured minutes; Friday/Saturday before and Sunday/Monday after
107,2012-01-13T21:45:00Z,2012-01-15T22:00:00Z,2895.0,192,True,True,Friday,Sunday,likely_weekly_closure,duration >= 1440 configured minutes; Friday/Saturday before and Sunday/Monday after
108,2012-01-20T21:45:00Z,2012-01-22T22:00:00Z,2895.0,192,True,True,Friday,Sunday,likely_weekly_closure,duration >= 1440 configured minutes; Friday/Saturday before and Sunday/Monday after
109,2012-01-27T21:45:00Z,2012-01-29T22:00:00Z,2895.0,192,True,True,Friday,Sunday,likely_weekly_closure,duration >= 1440 configured minutes; Friday/Saturday before and Sunday/Monday after
110,2012-02-03T21:45:00Z,2012-02-05T22:00:00Z,2895.0,192,True,True,Friday,Sunday,likely_weekly_closure,duration >= 1440 configured minutes; Friday/Saturday before and Sunday/Monday after
111,2012-02-10T21:45:00Z,2012-02-12T22:00:00Z,2895.0,192,True,True,Friday,Sunday,likely_weekly_closure,duration >= 1440 configured minutes; Friday/Saturday before and Sunday/Monday after
112,2012-02-17T21:45:00Z,2012-02-19T22:00:00Z,2895.0,192,True,True,Friday,Sunday,likely_weekly_closure,duration >= 1440 configured minutes; Friday/Saturday before and Sunday/Monday after
113,2012-02-24T21:45:00Z,2012-02-26T22:00:00Z,2895.0,192,True,True,Friday,Sunday,likely_weekly_closure,duration >= 1440 configured minutes; Friday/Saturday before and Sunday/Monday after
114,2012-03-02T21:45:00Z,2012-03-04T22:00:00Z,2895.0,192,True,True,Friday,Sunday,likely_weekly_closure,duration >= 1440 configured minutes; Friday/Saturday before and Sunday/Monday after
115,2012-03-09T21:45:00Z,2012-03-11T21:00:00Z,2835.0,188,True,True,Friday,Sunday,likely_weekly_closure,duration >= 1440 configured minutes; Friday/Saturday before and Sunday/Monday after
116,2012-03-16T20:45:00Z,2012-03-18T21:00:00Z,2895.0,192,True,True,Friday,Sunday,likely_weekly_closure,duration >= 1440 configured minutes; Friday/Saturday before and Sunday/Monday after
117,2012-03-23T20:45:00Z,2012-03-25T21:00:00Z,2895.0,192,True,True,Friday,Sunday,likely_weekly_closure,duration >= 1440 configured minutes; Friday/Saturday before and Sunday/Monday after
118,2012-03-30T20:45:00Z,2012-04-01T21:00:00Z,2895.0,192,True,True,Friday,Sunday,likely_weekly_closure,duration >= 1440 configured minutes; Friday/Saturday before and Sunday/Monday after
119,2012-04-06T20:45:00Z,2012-04-08T21:00:00Z,2895.0,192,True,True,Friday,Sunday,likely_weekly_closure,duration >= 1440 configured minutes; Friday/Saturday before and Sunday/Monday after
120,2012-04-13T20:45:00Z,2012-04-15T21:00:00Z,2895.0,192,True,True,Friday,Sunday,likely_weekly_closure,duration >= 1440 configured minutes; Friday/Saturday before and Sunday/Monday after
121,2012-04-20T20:45:00Z,2012-04-22T21:00:00Z,2895.0,192,True,True,Friday,Sunday,likely_weekly_closure,duration >= 1440 configured minutes; Friday/Saturday before and Sunday/Monday after
122,2012-04-27T20:45:00Z,2012-04-29T21:00:00Z,2895.0,192,True,True,Friday,Sunday,likely_weekly_closure,duration >= 1440 configured minutes; Friday/Saturday before and Sunday/Monday after
123,2012-05-04T20:45:00Z,2012-05-06T21:00:00Z,2895.0,192,True,True,Friday,Sunday,likely_weekly_closure,duration >= 1440 configured minutes; Friday/Saturday before and Sunday/Monday after
124,2012-05-11T20:45:00Z,2012-05-13T21:00:00Z,2895.0,192,True,True,Friday,Sunday,likely_weekly_closure,duration >= 1440 configured minutes; Friday/Saturday before and Sunday/Monday after
125,2012-05-18T20:45:00Z,2012-05-20T21:00:00Z,2895.0,192,True,True,Friday,Sunday,likely_weekly_closure,duration >= 1440 configured minutes; Friday/Saturday before and Sunday/Monday after
126,2012-05-25T20:45:00Z,2012-05-27T21:00:00Z,2895.0,192,True,True,Friday,Sunday,likely_weekly_closure,duration >= 1440 configured minutes; Friday/Saturday before and Sunday/Monday after
127,2012-06-01T20:45:00Z,2012-06-03T21:00:00Z,2895.0,192,True,True,Friday,Sunday,likely_weekly_closure,duration >= 1440 configured minutes; Friday/Saturday before and Sunday/Monday after
128,2012-06-08T20:45:00Z,2012-06-10T21:00:00Z,2895.0,192,True,True,Friday,Sunday,likely_weekly_closure,duration >= 1440 configured minutes; Friday/Saturday before and Sunday/Monday after
129,2012-06-15T20:45:00Z,2012-06-17T21:00:00Z,2895.0,192,True,True,Friday,Sunday,likely_weekly_closure,duration >= 1440 configured minutes; Friday/Saturday before and Sunday/Monday after
130,2012-06-22T20:45:00Z,2012-06-24T21:00:00Z,2895.0,192,True,True,Friday,Sunday,likely_weekly_closure,duration >= 1440 configured minutes; Friday/Saturday before and Sunday/Monday after
131,2012-06-29T20:45:00Z,2012-07-01T21:00:00Z,2895.0,192,True,True,Friday,Sunday,likely_weekly_closure,duration >= 1440 configured minutes; Friday/Saturday before and Sunday/Monday after
132,2012-07-06T20:45:00Z,2012-07-08T21:00:00Z,2895.0,192,True,True,Friday,Sunday,likely_weekly_closure,duration >= 1440 configured minutes; Friday/Saturday before and Sunday/Monday after
133,2012-07-13T20:45:00Z,2012-07-15T21:00:00Z,2895.0,192,True,True,Friday,Sunday,likely_weekly_closure,duration >= 1440 configured minutes; Friday/Saturday before and Sunday/Monday after
134,2012-07-20T20:45:00Z,2012-07-22T21:00:00Z,2895.0,192,True,True,Friday,Sunday,likely_weekly_closure,duration >= 1440 configured minutes; Friday/Saturday before and Sunday/Monday after
135,2012-07-27T20:45:00Z,2012-07-29T21:00:00Z,2895.0,192,True,True,Friday,Sunday,likely_weekly_closure,duration >= 1440 configured minutes; Friday/Saturday before and Sunday/Monday after
136,2012-08-03T20:45:00Z,2012-08-05T21:00:00Z,2895.0,192,True,True,Friday,Sunday,likely_weekly_closure,duration >= 1440 configured minutes; Friday/Saturday before and Sunday/Monday after
137,2012-08-10T20:45:00Z,2012-08-12T21:00:00Z,2895.0,192,True,True,Friday,Sunday,likely_weekly_closure,duration >= 1440 configured minutes; Friday/Saturday before and Sunday/Monday after
138,2012-08-17T20:45:00Z,2012-08-19T21:00:00Z,2895.0,192,True,True,Friday,Sunday,likely_weekly_closure,duration >= 1440 configured minutes; Friday/Saturday before and Sunday/Monday after
139,2012-08-24T20:45:00Z,2012-08-26T21:00:00Z,2895.0,192,True,True,Friday,Sunday,likely_weekly_closure,duration >= 1440 configured minutes; Friday/Saturday before and Sunday/Monday after
140,2012-08-31T20:45:00Z,2012-09-02T21:00:00Z,2895.0,192,True,True,Friday,Sunday,likely_weekly_closure,duration >= 1440 configured minutes; Friday/Saturday before and Sunday/Monday after
141,2012-09-07T20:45:00Z,2012-09-09T21:00:00Z,2895.0,192,True,True,Friday,Sunday,likely_weekly_closure,duration >= 1440 configured minutes; Friday/Saturday before and Sunday/Monday after
142,2012-09-14T20:45:00Z,2012-09-16T21:00:00Z,2895.0,192,True,True,Friday,Sunday,likely_weekly_closure,duration >= 1440 configured minutes; Friday/Saturday before and Sunday/Monday after
143,2012-09-21T20:45:00Z,2012-09-23T21:00:00Z,2895.0,192,True,True,Friday,Sunday,likely_weekly_closure,duration >= 1440 configured minutes; Friday/Saturday before and Sunday/Monday after
144,2012-09-28T20:45:00Z,2012-09-30T21:00:00Z,2895.0,192,True,True,Friday,Sunday,likely_weekly_closure,duration >= 1440 configured minutes; Friday/Saturday before and Sunday/Monday after
145,2012-10-05T20:45:00Z,2012-10-07T21:00:00Z,2895.0,192,True,True,Friday,Sunday,likely_weekly_closure,duration >= 1440 configured minutes; Friday/Saturday before and Sunday/Monday after
146,2012-10-12T20:45:00Z,2012-10-14T21:00:00Z,2895.0,192,True,True,Friday,Sunday,likely_weekly_closure,duration >= 1440 configured minutes; Friday/Saturday before and Sunday/Monday after
147,2012-10-19T20:45:00Z,2012-10-21T21:00:00Z,2895.0,192,True,True,Friday,Sunday,likely_weekly_closure,duration >= 1440 configured minutes; Friday/Saturday before and Sunday/Monday after
148,2012-10-26T20:45:00Z,2012-10-28T21:00:00Z,2895.0,192,True,True,Friday,Sunday,likely_weekly_closure,duration >= 1440 configured minutes; Friday/Saturday before and Sunday/Monday after
149,2012-11-02T20:45:00Z,2012-11-04T22:00:00Z,2955.0,196,True,True,Friday,Sunday,likely_weekly_closure,duration >= 1440 configured minutes; Friday/Saturday before and Sunday/Monday after
150,2012-11-09T21:45:00Z,2012-11-11T22:00:00Z,2895.0,192,True,True,Friday,Sunday,likely_weekly_closure,duration >= 1440 configured minutes; Friday/Saturday before and Sunday/Monday after
151,2012-11-16T21:45:00Z,2012-11-18T22:00:00Z,2895.0,192,True,True,Friday,Sunday,likely_weekly_closure,duration >= 1440 configured minutes; Friday/Saturday before and Sunday/Monday after
152,2012-11-23T21:45:00Z,2012-11-25T22:00:00Z,2895.0,192,True,True,Friday,Sunday,likely_weekly_closure,duration >= 1440 configured minutes; Friday/Saturday before and Sunday/Monday after
153,2012-11-30T21:45:00Z,2012-12-02T22:00:00Z,2895.0,192,True,True,Friday,Sunday,likely_weekly_closure,duration >= 1440 configured minutes; Friday/Saturday before and Sunday/Monday after
154,2012-12-07T21:45:00Z,2012-12-09T22:00:00Z,2895.0,192,True,True,Friday,Sunday,likely_weekly_closure,duration >= 1440 configured minutes; Friday/Saturday before and Sunday/Monday after
155,2012-12-14T21:45:00Z,2012-12-16T22:00:00Z,2895.0,192,True,True,Friday,Sunday,likely_weekly_closure,duration >= 1440 configured minutes; Friday/Saturday before and Sunday/Monday after
156,2012-12-21T21:45:00Z,2012-12-23T22:00:00Z,2895.0,192,True,True,Friday,Sunday,likely_weekly_closure,duration >= 1440 configured minutes; Friday/Saturday before and Sunday/Monday after
157,2012-12-24T21:00:00Z,2012-12-26T11:00:00Z,2280.0,151,True,True,Monday,Wednesday,long_nonweekly_gap,duration >= 720 configured minutes outside the weekly rule; interval crosses a UTC date; cause unresolved
158,2012-12-28T21:45:00Z,2012-12-30T22:00:00Z,2895.0,192,True,True,Friday,Sunday,likely_weekly_closure,duration >= 1440 configured minutes; Friday/Saturday before and Sunday/Monday after
159,2012-12-31T21:45:00Z,2013-01-01T22:00:00Z,1455.0,96,True,True,Monday,Tuesday,long_nonweekly_gap,duration >= 720 configured minutes outside the weekly rule; interval crosses a UTC date; cause unresolved
160,2013-01-04T21:45:00Z,2013-01-06T22:00:00Z,2895.0,192,True,True,Friday,Sunday,likely_weekly_closure,duration >= 1440 configured minutes; Friday/Saturday before and Sunday/Monday after
161,2013-01-11T21:45:00Z,2013-01-13T22:00:00Z,2895.0,192,True,True,Friday,Sunday,likely_weekly_closure,duration >= 1440 configured minutes; Friday/Saturday before and Sunday/Monday after
162,2013-01-18T21:45:00Z,2013-01-20T22:00:00Z,2895.0,192,True,True,Friday,Sunday,likely_weekly_closure,duration >= 1440 configured minutes; Friday/Saturday before and Sunday/Monday after
163,2013-01-25T21:45:00Z,2013-01-27T22:00:00Z,2895.0,192,True,True,Friday,Sunday,likely_weekly_closure,duration >= 1440 configured minutes; Friday/Saturday before and Sunday/Monday after
164,2013-02-01T21:45:00Z,2013-02-03T22:00:00Z,2895.0,192,True,True,Friday,Sunday,likely_weekly_closure,duration >= 1440 configured minutes; Friday/Saturday before and Sunday/Monday after
165,2013-02-08T21:45:00Z,2013-02-10T22:00:00Z,2895.0,192,True,True,Friday,Sunday,likely_weekly_closure,duration >= 1440 configured minutes; Friday/Saturday before and Sunday/Monday after
166,2013-02-15T21:45:00Z,2013-02-17T22:00:00Z,2895.0,192,True,True,Friday,Sunday,likely_weekly_closure,duration >= 1440 configured minutes; Friday/Saturday before and Sunday/Monday after
167,2013-02-22T21:45:00Z,2013-02-24T22:00:00Z,2895.0,192,True,True,Friday,Sunday,likely_weekly_closure,duration >= 1440 configured minutes; Friday/Saturday before and Sunday/Monday after
168,2013-03-01T21:45:00Z,2013-03-03T22:00:00Z,2895.0,192,True,True,Friday,Sunday,likely_weekly_closure,duration >= 1440 configured minutes; Friday/Saturday before and Sunday/Monday after
169,2013-03-08T21:45:00Z,2013-03-10T21:00:00Z,2835.0,188,True,True,Friday,Sunday,likely_weekly_closure,duration >= 1440 configured minutes; Friday/Saturday before and Sunday/Monday after
170,2013-03-15T20:45:00Z,2013-03-17T21:00:00Z,2895.0,192,True,True,Friday,Sunday,likely_weekly_closure,duration >= 1440 configured minutes; Friday/Saturday before and Sunday/Monday after
171,2013-03-22T20:45:00Z,2013-03-24T21:00:00Z,2895.0,192,True,True,Friday,Sunday,likely_weekly_closure,duration >= 1440 configured minutes; Friday/Saturday before and Sunday/Monday after
172,2013-03-29T20:45:00Z,2013-03-31T21:00:00Z,2895.0,192,True,True,Friday,Sunday,likely_weekly_closure,duration >= 1440 configured minutes; Friday/Saturday before and Sunday/Monday after
173,2013-04-05T20:45:00Z,2013-04-07T21:00:00Z,2895.0,192,True,True,Friday,Sunday,likely_weekly_closure,duration >= 1440 configured minutes; Friday/Saturday before and Sunday/Monday after
174,2013-04-11T23:00:00Z,2013-04-11T23:45:00Z,45.0,2,True,False,Thursday,Thursday,non_weekend_intraday,both endpoints are Monday-Friday; duration is below the configured large-gap threshold; interval is within one UTC date
175,2013-04-12T20:45:00Z,2013-04-14T21:00:00Z,2895.0,192,True,True,Friday,Sunday,likely_weekly_closure,duration >= 1440 configured minutes; Friday/Saturday before and Sunday/Monday after
176,2013-04-19T20:45:00Z,2013-04-21T21:00:00Z,2895.0,192,True,True,Friday,Sunday,likely_weekly_closure,duration >= 1440 configured minutes; Friday/Saturday before and Sunday/Monday after
177,2013-04-26T20:45:00Z,2013-04-28T21:00:00Z,2895.0,192,True,True,Friday,Sunday,likely_weekly_closure,duration >= 1440 configured minutes; Friday/Saturday before and Sunday/Monday after
178,2013-05-03T20:45:00Z,2013-05-05T21:00:00Z,2895.0,192,True,True,Friday,Sunday,likely_weekly_closure,duration >= 1440 configured minutes; Friday/Saturday before and Sunday/Monday after
179,2013-05-10T20:45:00Z,2013-05-12T21:00:00Z,2895.0,192,True,True,Friday,Sunday,likely_weekly_closure,duration >= 1440 configured minutes; Friday/Saturday before and Sunday/Monday after
180,2013-05-17T20:45:00Z,2013-05-19T21:00:00Z,2895.0,192,True,True,Friday,Sunday,likely_weekly_closure,duration >= 1440 configured minutes; Friday/Saturday before and Sunday/Monday after
181,2013-05-24T20:45:00Z,2013-05-26T21:00:00Z,2895.0,192,True,True,Friday,Sunday,likely_weekly_closure,duration >= 1440 configured minutes; Friday/Saturday before and Sunday/Monday after
182,2013-05-31T20:45:00Z,2013-06-02T21:00:00Z,2895.0,192,True,True,Friday,Sunday,likely_weekly_closure,duration >= 1440 configured minutes; Friday/Saturday before and Sunday/Monday after
183,2013-06-07T20:45:00Z,2013-06-09T21:00:00Z,2895.0,192,True,True,Friday,Sunday,likely_weekly_closure,duration >= 1440 configured minutes; Friday/Saturday before and Sunday/Monday after
184,2013-06-14T20:45:00Z,2013-06-16T21:00:00Z,2895.0,192,True,True,Friday,Sunday,likely_weekly_closure,duration >= 1440 configured minutes; Friday/Saturday before and Sunday/Monday after
185,2013-06-21T20:45:00Z,2013-06-23T21:00:00Z,2895.0,192,True,True,Friday,Sunday,likely_weekly_closure,duration >= 1440 configured minutes; Friday/Saturday before and Sunday/Monday after
186,2013-06-28T20:45:00Z,2013-06-30T21:00:00Z,2895.0,192,True,True,Friday,Sunday,likely_weekly_closure,duration >= 1440 configured minutes; Friday/Saturday before and Sunday/Monday after
187,2013-07-05T20:45:00Z,2013-07-07T21:00:00Z,2895.0,192,True,True,Friday,Sunday,likely_weekly_closure,duration >= 1440 configured minutes; Friday/Saturday before and Sunday/Monday after
188,2013-07-12T20:45:00Z,2013-07-14T21:00:00Z,2895.0,192,True,True,Friday,Sunday,likely_weekly_closure,duration >= 1440 configured minutes; Friday/Saturday before and Sunday/Monday after
189,2013-07-19T20:45:00Z,2013-07-21T21:00:00Z,2895.0,192,True,True,Friday,Sunday,likely_weekly_closure,duration >= 1440 configured minutes; Friday/Saturday before and Sunday/Monday after
190,2013-07-26T20:45:00Z,2013-07-28T21:00:00Z,2895.0,192,True,True,Friday,Sunday,likely_weekly_closure,duration >= 1440 configured minutes; Friday/Saturday before and Sunday/Monday after
191,2013-08-02T20:45:00Z,2013-08-04T21:00:00Z,2895.0,192,True,True,Friday,Sunday,likely_weekly_closure,duration >= 1440 configured minutes; Friday/Saturday before and Sunday/Monday after
192,2013-08-09T20:45:00Z,2013-08-11T21:00:00Z,2895.0,192,True,True,Friday,Sunday,likely_weekly_closure,duration >= 1440 configured minutes; Friday/Saturday before and Sunday/Monday after
193,2013-08-16T20:45:00Z,2013-08-18T21:00:00Z,2895.0,192,True,True,Friday,Sunday,likely_weekly_closure,duration >= 1440 configured minutes; Friday/Saturday before and Sunday/Monday after
194,2013-08-23T20:45:00Z,2013-08-25T21:00:00Z,2895.0,192,True,True,Friday,Sunday,likely_weekly_closure,duration >= 1440 configured minutes; Friday/Saturday before and Sunday/Monday after
195,2013-08-30T20:45:00Z,2013-09-01T21:00:00Z,2895.0,192,True,True,Friday,Sunday,likely_weekly_closure,duration >= 1440 configured minutes; Friday/Saturday before and Sunday/Monday after
196,2013-09-06T20:45:00Z,2013-09-08T21:00:00Z,2895.0,192,True,True,Friday,Sunday,likely_weekly_closure,duration >= 1440 configured minutes; Friday/Saturday before and Sunday/Monday after
197,2013-09-13T20:45:00Z,2013-09-15T21:00:00Z,2895.0,192,True,True,Friday,Sunday,likely_weekly_closure,duration >= 1440 configured minutes; Friday/Saturday before and Sunday/Monday after
198,2013-09-20T20:45:00Z,2013-09-22T21:00:00Z,2895.0,192,True,True,Friday,Sunday,likely_weekly_closure,duration >= 1440 configured minutes; Friday/Saturday before and Sunday/Monday after
199,2013-09-27T20:45:00Z,2013-09-29T21:00:00Z,2895.0,192,True,True,Friday,Sunday,likely_weekly_closure,duration >= 1440 configured minutes; Friday/Saturday before and Sunday/Monday after
200,2013-10-04T20:45:00Z,2013-10-06T21:00:00Z,2895.0,192,True,True,Friday,Sunday,likely_weekly_closure,duration >= 1440 configured minutes; Friday/Saturday before and Sunday/Monday after
201,2013-10-11T20:45:00Z,2013-10-13T21:00:00Z,2895.0,192,True,True,Friday,Sunday,likely_weekly_closure,duration >= 1440 configured minutes; Friday/Saturday before and Sunday/Monday after
202,2013-10-18T20:45:00Z,2013-10-20T21:00:00Z,2895.0,192,True,True,Friday,Sunday,likely_weekly_closure,duration >= 1440 configured minutes; Friday/Saturday before and Sunday/Monday after
203,2013-10-25T20:45:00Z,2013-10-27T21:00:00Z,2895.0,192,True,True,Friday,Sunday,likely_weekly_closure,duration >= 1440 configured minutes; Friday/Saturday before and Sunday/Monday after
204,2013-11-01T20:45:00Z,2013-11-03T22:00:00Z,2955.0,196,True,True,Friday,Sunday,likely_weekly_closure,duration >= 1440 configured minutes; Friday/Saturday before and Sunday/Monday after
205,2013-11-08T21:45:00Z,2013-11-10T22:00:00Z,2895.0,192,True,True,Friday,Sunday,likely_weekly_closure,duration >= 1440 configured minutes; Friday/Saturday before and Sunday/Monday after
206,2013-11-15T21:45:00Z,2013-11-17T22:00:00Z,2895.0,192,True,True,Friday,Sunday,likely_weekly_closure,duration >= 1440 configured minutes; Friday/Saturday before and Sunday/Monday after
207,2013-11-22T21:45:00Z,2013-11-24T22:00:00Z,2895.0,192,True,True,Friday,Sunday,likely_weekly_closure,duration >= 1440 configured minutes; Friday/Saturday before and Sunday/Monday after
208,2013-11-29T21:45:00Z,2013-12-01T22:00:00Z,2895.0,192,True,True,Friday,Sunday,likely_weekly_closure,duration >= 1440 configured minutes; Friday/Saturday before and Sunday/Monday after
209,2013-12-06T21:45:00Z,2013-12-08T22:00:00Z,2895.0,192,True,True,Friday,Sunday,likely_weekly_closure,duration >= 1440 configured minutes; Friday/Saturday before and Sunday/Monday after
210,2013-12-13T21:45:00Z,2013-12-15T22:00:00Z,2895.0,192,True,True,Friday,Sunday,likely_weekly_closure,duration >= 1440 configured minutes; Friday/Saturday before and Sunday/Monday after
211,2013-12-20T21:45:00Z,2013-12-22T22:00:00Z,2895.0,192,True,True,Friday,Sunday,likely_weekly_closure,duration >= 1440 configured minutes; Friday/Saturday before and Sunday/Monday after
212,2013-12-24T19:45:00Z,2013-12-26T11:00:00Z,2355.0,156,True,True,Tuesday,Thursday,long_nonweekly_gap,duration >= 720 configured minutes outside the weekly rule; interval crosses a UTC date; cause unresolved
213,2013-12-27T21:45:00Z,2013-12-29T22:00:00Z,2895.0,192,True,True,Friday,Sunday,likely_weekly_closure,duration >= 1440 configured minutes; Friday/Saturday before and Sunday/Monday after
214,2013-12-31T20:45:00Z,2014-01-01T22:00:00Z,1515.0,100,True,True,Tuesday,Wednesday,long_nonweekly_gap,duration >= 720 configured minutes outside the weekly rule; interval crosses a UTC date; cause unresolved
215,2014-01-03T21:45:00Z,2014-01-05T22:00:00Z,2895.0,192,True,True,Friday,Sunday,likely_weekly_closure,duration >= 1440 configured minutes; Friday/Saturday before and Sunday/Monday after
216,2014-01-10T21:45:00Z,2014-01-12T22:00:00Z,2895.0,192,True,True,Friday,Sunday,likely_weekly_closure,duration >= 1440 configured minutes; Friday/Saturday before and Sunday/Monday after
217,2014-01-17T21:45:00Z,2014-01-19T22:00:00Z,2895.0,192,True,True,Friday,Sunday,likely_weekly_closure,duration >= 1440 configured minutes; Friday/Saturday before and Sunday/Monday after
218,2014-01-24T21:45:00Z,2014-01-26T22:00:00Z,2895.0,192,True,True,Friday,Sunday,likely_weekly_closure,duration >= 1440 configured minutes; Friday/Saturday before and Sunday/Monday after
219,2014-01-31T21:45:00Z,2014-02-02T22:00:00Z,2895.0,192,True,True,Friday,Sunday,likely_weekly_closure,duration >= 1440 configured minutes; Friday/Saturday before and Sunday/Monday after
220,2014-02-07T21:45:00Z,2014-02-09T22:00:00Z,2895.0,192,True,True,Friday,Sunday,likely_weekly_closure,duration >= 1440 configured minutes; Friday/Saturday before and Sunday/Monday after
221,2014-02-14T21:45:00Z,2014-02-16T22:00:00Z,2895.0,192,True,True,Friday,Sunday,likely_weekly_closure,duration >= 1440 configured minutes; Friday/Saturday before and Sunday/Monday after
222,2014-02-21T21:45:00Z,2014-02-23T22:00:00Z,2895.0,192,True,True,Friday,Sunday,likely_weekly_closure,duration >= 1440 configured minutes; Friday/Saturday before and Sunday/Monday after
223,2014-02-28T21:45:00Z,2014-03-02T22:00:00Z,2895.0,192,True,True,Friday,Sunday,likely_weekly_closure,duration >= 1440 configured minutes; Friday/Saturday before and Sunday/Monday after
224,2014-03-07T21:45:00Z,2014-03-09T21:00:00Z,2835.0,188,True,True,Friday,Sunday,likely_weekly_closure,duration >= 1440 configured minutes; Friday/Saturday before and Sunday/Monday after
225,2014-03-14T20:45:00Z,2014-03-16T21:00:00Z,2895.0,192,True,True,Friday,Sunday,likely_weekly_closure,duration >= 1440 configured minutes; Friday/Saturday before and Sunday/Monday after
226,2014-03-21T20:45:00Z,2014-03-23T21:00:00Z,2895.0,192,True,True,Friday,Sunday,likely_weekly_closure,duration >= 1440 configured minutes; Friday/Saturday before and Sunday/Monday after
227,2014-03-28T20:45:00Z,2014-03-30T21:00:00Z,2895.0,192,True,True,Friday,Sunday,likely_weekly_closure,duration >= 1440 configured minutes; Friday/Saturday before and Sunday/Monday after
228,2014-04-04T20:45:00Z,2014-04-06T21:00:00Z,2895.0,192,True,True,Friday,Sunday,likely_weekly_closure,duration >= 1440 configured minutes; Friday/Saturday before and Sunday/Monday after
229,2014-04-11T20:45:00Z,2014-04-13T21:00:00Z,2895.0,192,True,True,Friday,Sunday,likely_weekly_closure,duration >= 1440 configured minutes; Friday/Saturday before and Sunday/Monday after
230,2014-04-18T20:45:00Z,2014-04-20T21:00:00Z,2895.0,192,True,True,Friday,Sunday,likely_weekly_closure,duration >= 1440 configured minutes; Friday/Saturday before and Sunday/Monday after
231,2014-04-25T20:45:00Z,2014-04-27T21:00:00Z,2895.0,192,True,True,Friday,Sunday,likely_weekly_closure,duration >= 1440 configured minutes; Friday/Saturday before and Sunday/Monday after
232,2014-05-02T20:45:00Z,2014-05-04T21:00:00Z,2895.0,192,True,True,Friday,Sunday,likely_weekly_closure,duration >= 1440 configured minutes; Friday/Saturday before and Sunday/Monday after
233,2014-05-09T20:45:00Z,2014-05-11T21:00:00Z,2895.0,192,True,True,Friday,Sunday,likely_weekly_closure,duration >= 1440 configured minutes; Friday/Saturday before and Sunday/Monday after
234,2014-05-16T20:45:00Z,2014-05-18T21:00:00Z,2895.0,192,True,True,Friday,Sunday,likely_weekly_closure,duration >= 1440 configured minutes; Friday/Saturday before and Sunday/Monday after
235,2014-05-23T20:45:00Z,2014-05-25T21:00:00Z,2895.0,192,True,True,Friday,Sunday,likely_weekly_closure,duration >= 1440 configured minutes; Friday/Saturday before and Sunday/Monday after
236,2014-05-30T20:45:00Z,2014-06-02T19:00:00Z,4215.0,280,True,True,Friday,Monday,likely_weekly_closure,duration >= 1440 configured minutes; Friday/Saturday before and Sunday/Monday after
237,2014-06-06T20:45:00Z,2014-06-08T21:00:00Z,2895.0,192,True,True,Friday,Sunday,likely_weekly_closure,duration >= 1440 configured minutes; Friday/Saturday before and Sunday/Monday after
238,2014-06-13T20:45:00Z,2014-06-15T21:00:00Z,2895.0,192,True,True,Friday,Sunday,likely_weekly_closure,duration >= 1440 configured minutes; Friday/Saturday before and Sunday/Monday after
239,2014-06-20T20:45:00Z,2014-06-22T21:00:00Z,2895.0,192,True,True,Friday,Sunday,likely_weekly_closure,duration >= 1440 configured minutes; Friday/Saturday before and Sunday/Monday after
240,2014-06-27T20:45:00Z,2014-06-29T21:00:00Z,2895.0,192,True,True,Friday,Sunday,likely_weekly_closure,duration >= 1440 configured minutes; Friday/Saturday before and Sunday/Monday after
241,2014-07-04T20:45:00Z,2014-07-06T21:00:00Z,2895.0,192,True,True,Friday,Sunday,likely_weekly_closure,duration >= 1440 configured minutes; Friday/Saturday before and Sunday/Monday after
242,2014-07-11T20:45:00Z,2014-07-13T21:00:00Z,2895.0,192,True,True,Friday,Sunday,likely_weekly_closure,duration >= 1440 configured minutes; Friday/Saturday before and Sunday/Monday after
243,2014-07-18T20:45:00Z,2014-07-20T21:00:00Z,2895.0,192,True,True,Friday,Sunday,likely_weekly_closure,duration >= 1440 configured minutes; Friday/Saturday before and Sunday/Monday after
244,2014-07-25T20:45:00Z,2014-07-27T21:00:00Z,2895.0,192,True,True,Friday,Sunday,likely_weekly_closure,duration >= 1440 configured minutes; Friday/Saturday before and Sunday/Monday after
245,2014-08-01T20:45:00Z,2014-08-03T21:00:00Z,2895.0,192,True,True,Friday,Sunday,likely_weekly_closure,duration >= 1440 configured minutes; Friday/Saturday before and Sunday/Monday after
246,2014-08-08T20:45:00Z,2014-08-10T21:00:00Z,2895.0,192,True,True,Friday,Sunday,likely_weekly_closure,duration >= 1440 configured minutes; Friday/Saturday before and Sunday/Monday after
247,2014-08-15T20:45:00Z,2014-08-17T21:00:00Z,2895.0,192,True,True,Friday,Sunday,likely_weekly_closure,duration >= 1440 configured minutes; Friday/Saturday before and Sunday/Monday after
248,2014-08-22T20:45:00Z,2014-08-24T21:00:00Z,2895.0,192,True,True,Friday,Sunday,likely_weekly_closure,duration >= 1440 configured minutes; Friday/Saturday before and Sunday/Monday after
249,2014-08-29T20:45:00Z,2014-08-31T21:00:00Z,2895.0,192,True,True,Friday,Sunday,likely_weekly_closure,duration >= 1440 configured minutes; Friday/Saturday before and Sunday/Monday after
250,2014-09-05T20:45:00Z,2014-09-07T21:00:00Z,2895.0,192,True,True,Friday,Sunday,likely_weekly_closure,duration >= 1440 configured minutes; Friday/Saturday before and Sunday/Monday after
251,2014-09-12T20:45:00Z,2014-09-14T21:00:00Z,2895.0,192,True,True,Friday,Sunday,likely_weekly_closure,duration >= 1440 configured minutes; Friday/Saturday before and Sunday/Monday after
252,2014-09-19T20:45:00Z,2014-09-21T21:00:00Z,2895.0,192,True,True,Friday,Sunday,likely_weekly_closure,duration >= 1440 configured minutes; Friday/Saturday before and Sunday/Monday after
253,2014-09-26T20:45:00Z,2014-09-28T21:00:00Z,2895.0,192,True,True,Friday,Sunday,likely_weekly_closure,duration >= 1440 configured minutes; Friday/Saturday before and Sunday/Monday after
254,2014-10-03T20:45:00Z,2014-10-05T21:00:00Z,2895.0,192,True,True,Friday,Sunday,likely_weekly_closure,duration >= 1440 configured minutes; Friday/Saturday before and Sunday/Monday after
255,2014-10-10T20:45:00Z,2014-10-12T21:00:00Z,2895.0,192,True,True,Friday,Sunday,likely_weekly_closure,duration >= 1440 configured minutes; Friday/Saturday before and Sunday/Monday after
256,2014-10-17T20:45:00Z,2014-10-19T21:00:00Z,2895.0,192,True,True,Friday,Sunday,likely_weekly_closure,duration >= 1440 configured minutes; Friday/Saturday before and Sunday/Monday after
257,2014-10-24T20:45:00Z,2014-10-26T21:00:00Z,2895.0,192,True,True,Friday,Sunday,likely_weekly_closure,duration >= 1440 configured minutes; Friday/Saturday before and Sunday/Monday after
258,2014-10-31T20:45:00Z,2014-11-02T22:00:00Z,2955.0,196,True,True,Friday,Sunday,likely_weekly_closure,duration >= 1440 configured minutes; Friday/Saturday before and Sunday/Monday after
259,2014-11-07T21:45:00Z,2014-11-09T22:00:00Z,2895.0,192,True,True,Friday,Sunday,likely_weekly_closure,duration >= 1440 configured minutes; Friday/Saturday before and Sunday/Monday after
260,2014-11-14T21:45:00Z,2014-11-16T22:00:00Z,2895.0,192,True,True,Friday,Sunday,likely_weekly_closure,duration >= 1440 configured minutes; Friday/Saturday before and Sunday/Monday after
261,2014-11-21T21:45:00Z,2014-11-23T22:00:00Z,2895.0,192,True,True,Friday,Sunday,likely_weekly_closure,duration >= 1440 configured minutes; Friday/Saturday before and Sunday/Monday after
262,2014-11-28T21:45:00Z,2014-11-30T22:00:00Z,2895.0,192,True,True,Friday,Sunday,likely_weekly_closure,duration >= 1440 configured minutes; Friday/Saturday before and Sunday/Monday after
263,2014-12-05T21:45:00Z,2014-12-07T22:00:00Z,2895.0,192,True,True,Friday,Sunday,likely_weekly_closure,duration >= 1440 configured minutes; Friday/Saturday before and Sunday/Monday after
264,2014-12-12T21:45:00Z,2014-12-14T22:00:00Z,2895.0,192,True,True,Friday,Sunday,likely_weekly_closure,duration >= 1440 configured minutes; Friday/Saturday before and Sunday/Monday after
265,2014-12-19T21:45:00Z,2014-12-21T22:00:00Z,2895.0,192,True,True,Friday,Sunday,likely_weekly_closure,duration >= 1440 configured minutes; Friday/Saturday before and Sunday/Monday after
266,2014-12-24T19:00:00Z,2014-12-25T23:00:00Z,1680.0,111,True,True,Wednesday,Thursday,long_nonweekly_gap,duration >= 720 configured minutes outside the weekly rule; interval crosses a UTC date; cause unresolved
267,2014-12-26T21:45:00Z,2014-12-28T22:00:00Z,2895.0,192,True,True,Friday,Sunday,likely_weekly_closure,duration >= 1440 configured minutes; Friday/Saturday before and Sunday/Monday after
268,2014-12-31T21:45:00Z,2015-01-01T18:00:00Z,1215.0,80,True,True,Wednesday,Thursday,long_nonweekly_gap,duration >= 720 configured minutes outside the weekly rule; interval crosses a UTC date; cause unresolved
269,2015-01-01T19:00:00Z,2015-01-01T22:00:00Z,180.0,11,True,False,Thursday,Thursday,non_weekend_intraday,both endpoints are Monday-Friday; duration is below the configured large-gap threshold; interval is within one UTC date
270,2015-01-02T21:45:00Z,2015-01-04T22:00:00Z,2895.0,192,True,True,Friday,Sunday,likely_weekly_closure,duration >= 1440 configured minutes; Friday/Saturday before and Sunday/Monday after
271,2015-01-09T21:45:00Z,2015-01-11T22:00:00Z,2895.0,192,True,True,Friday,Sunday,likely_weekly_closure,duration >= 1440 configured minutes; Friday/Saturday before and Sunday/Monday after
272,2015-01-16T21:45:00Z,2015-01-18T22:00:00Z,2895.0,192,True,True,Friday,Sunday,likely_weekly_closure,duration >= 1440 configured minutes; Friday/Saturday before and Sunday/Monday after
273,2015-01-23T21:45:00Z,2015-01-25T22:00:00Z,2895.0,192,True,True,Friday,Sunday,likely_weekly_closure,duration >= 1440 configured minutes; Friday/Saturday before and Sunday/Monday after
274,2015-01-30T21:45:00Z,2015-02-01T22:00:00Z,2895.0,192,True,True,Friday,Sunday,likely_weekly_closure,duration >= 1440 configured minutes; Friday/Saturday before and Sunday/Monday after
275,2015-02-06T21:45:00Z,2015-02-08T22:00:00Z,2895.0,192,True,True,Friday,Sunday,likely_weekly_closure,duration >= 1440 configured minutes; Friday/Saturday before and Sunday/Monday after
276,2015-02-13T21:45:00Z,2015-02-15T22:00:00Z,2895.0,192,True,True,Friday,Sunday,likely_weekly_closure,duration >= 1440 configured minutes; Friday/Saturday before and Sunday/Monday after
277,2015-02-20T21:45:00Z,2015-02-22T22:00:00Z,2895.0,192,True,True,Friday,Sunday,likely_weekly_closure,duration >= 1440 configured minutes; Friday/Saturday before and Sunday/Monday after
278,2015-02-27T21:45:00Z,2015-03-01T22:00:00Z,2895.0,192,True,True,Friday,Sunday,likely_weekly_closure,duration >= 1440 configured minutes; Friday/Saturday before and Sunday/Monday after
279,2015-03-06T21:45:00Z,2015-03-08T21:00:00Z,2835.0,188,True,True,Friday,Sunday,likely_weekly_closure,duration >= 1440 configured minutes; Friday/Saturday before and Sunday/Monday after
280,2015-03-13T20:45:00Z,2015-03-15T21:00:00Z,2895.0,192,True,True,Friday,Sunday,likely_weekly_closure,duration >= 1440 configured minutes; Friday/Saturday before and Sunday/Monday after
281,2015-03-20T20:45:00Z,2015-03-22T21:00:00Z,2895.0,192,True,True,Friday,Sunday,likely_weekly_closure,duration >= 1440 configured minutes; Friday/Saturday before and Sunday/Monday after
282,2015-03-27T20:45:00Z,2015-03-29T21:00:00Z,2895.0,192,True,True,Friday,Sunday,likely_weekly_closure,duration >= 1440 configured minutes; Friday/Saturday before and Sunday/Monday after
283,2015-04-03T20:45:00Z,2015-04-05T21:00:00Z,2895.0,192,True,True,Friday,Sunday,likely_weekly_closure,duration >= 1440 configured minutes; Friday/Saturday before and Sunday/Monday after
284,2015-04-10T20:45:00Z,2015-04-12T21:00:00Z,2895.0,192,True,True,Friday,Sunday,likely_weekly_closure,duration >= 1440 configured minutes; Friday/Saturday before and Sunday/Monday after
285,2015-04-17T20:45:00Z,2015-04-19T21:00:00Z,2895.0,192,True,True,Friday,Sunday,likely_weekly_closure,duration >= 1440 configured minutes; Friday/Saturday before and Sunday/Monday after
286,2015-04-24T20:45:00Z,2015-04-26T21:00:00Z,2895.0,192,True,True,Friday,Sunday,likely_weekly_closure,duration >= 1440 configured minutes; Friday/Saturday before and Sunday/Monday after
287,2015-05-01T20:45:00Z,2015-05-03T21:00:00Z,2895.0,192,True,True,Friday,Sunday,likely_weekly_closure,duration >= 1440 configured minutes; Friday/Saturday before and Sunday/Monday after
288,2015-05-08T20:45:00Z,2015-05-10T21:00:00Z,2895.0,192,True,True,Friday,Sunday,likely_weekly_closure,duration >= 1440 configured minutes; Friday/Saturday before and Sunday/Monday after
289,2015-05-15T20:45:00Z,2015-05-17T21:00:00Z,2895.0,192,True,True,Friday,Sunday,likely_weekly_closure,duration >= 1440 configured minutes; Friday/Saturday before and Sunday/Monday after
290,2015-05-22T20:45:00Z,2015-05-24T21:00:00Z,2895.0,192,True,True,Friday,Sunday,likely_weekly_closure,duration >= 1440 configured minutes; Friday/Saturday before and Sunday/Monday after
291,2015-05-29T20:45:00Z,2015-05-31T21:00:00Z,2895.0,192,True,True,Friday,Sunday,likely_weekly_closure,duration >= 1440 configured minutes; Friday/Saturday before and Sunday/Monday after
292,2015-06-05T20:45:00Z,2015-06-07T21:00:00Z,2895.0,192,True,True,Friday,Sunday,likely_weekly_closure,duration >= 1440 configured minutes; Friday/Saturday before and Sunday/Monday after
293,2015-06-12T20:45:00Z,2015-06-14T21:00:00Z,2895.0,192,True,True,Friday,Sunday,likely_weekly_closure,duration >= 1440 configured minutes; Friday/Saturday before and Sunday/Monday after
294,2015-06-19T20:45:00Z,2015-06-21T21:00:00Z,2895.0,192,True,True,Friday,Sunday,likely_weekly_closure,duration >= 1440 configured minutes; Friday/Saturday before and Sunday/Monday after
295,2015-06-26T20:45:00Z,2015-06-28T21:00:00Z,2895.0,192,True,True,Friday,Sunday,likely_weekly_closure,duration >= 1440 configured minutes; Friday/Saturday before and Sunday/Monday after
296,2015-07-03T20:45:00Z,2015-07-05T21:00:00Z,2895.0,192,True,True,Friday,Sunday,likely_weekly_closure,duration >= 1440 configured minutes; Friday/Saturday before and Sunday/Monday after
297,2015-07-10T20:45:00Z,2015-07-12T21:00:00Z,2895.0,192,True,True,Friday,Sunday,likely_weekly_closure,duration >= 1440 configured minutes; Friday/Saturday before and Sunday/Monday after
298,2015-07-17T20:45:00Z,2015-07-19T21:00:00Z,2895.0,192,True,True,Friday,Sunday,likely_weekly_closure,duration >= 1440 configured minutes; Friday/Saturday before and Sunday/Monday after
299,2015-07-24T20:45:00Z,2015-07-26T21:00:00Z,2895.0,192,True,True,Friday,Sunday,likely_weekly_closure,duration >= 1440 configured minutes; Friday/Saturday before and Sunday/Monday after
300,2015-07-31T20:45:00Z,2015-08-02T21:00:00Z,2895.0,192,True,True,Friday,Sunday,likely_weekly_closure,duration >= 1440 configured minutes; Friday/Saturday before and Sunday/Monday after
301,2015-08-07T20:45:00Z,2015-08-09T21:00:00Z,2895.0,192,True,True,Friday,Sunday,likely_weekly_closure,duration >= 1440 configured minutes; Friday/Saturday before and Sunday/Monday after
302,2015-08-14T20:45:00Z,2015-08-16T21:00:00Z,2895.0,192,True,True,Friday,Sunday,likely_weekly_closure,duration >= 1440 configured minutes; Friday/Saturday before and Sunday/Monday after
303,2015-08-21T17:15:00Z,2015-08-21T17:45:00Z,30.0,1,True,False,Friday,Friday,non_weekend_intraday,both endpoints are Monday-Friday; duration is below the configured large-gap threshold; interval is within one UTC date
304,2015-08-21T20:45:00Z,2015-08-23T21:00:00Z,2895.0,192,True,True,Friday,Sunday,likely_weekly_closure,duration >= 1440 configured minutes; Friday/Saturday before and Sunday/Monday after
305,2015-08-28T20:45:00Z,2015-08-30T21:00:00Z,2895.0,192,True,True,Friday,Sunday,likely_weekly_closure,duration >= 1440 configured minutes; Friday/Saturday before and Sunday/Monday after
306,2015-09-04T20:45:00Z,2015-09-06T21:00:00Z,2895.0,192,True,True,Friday,Sunday,likely_weekly_closure,duration >= 1440 configured minutes; Friday/Saturday before and Sunday/Monday after
307,2015-09-11T20:45:00Z,2015-09-13T21:00:00Z,2895.0,192,True,True,Friday,Sunday,likely_weekly_closure,duration >= 1440 configured minutes; Friday/Saturday before and Sunday/Monday after
308,2015-09-18T20:45:00Z,2015-09-20T21:00:00Z,2895.0,192,True,True,Friday,Sunday,likely_weekly_closure,duration >= 1440 configured minutes; Friday/Saturday before and Sunday/Monday after
309,2015-09-25T20:45:00Z,2015-09-27T21:00:00Z,2895.0,192,True,True,Friday,Sunday,likely_weekly_closure,duration >= 1440 configured minutes; Friday/Saturday before and Sunday/Monday after
310,2015-10-02T20:45:00Z,2015-10-04T21:00:00Z,2895.0,192,True,True,Friday,Sunday,likely_weekly_closure,duration >= 1440 configured minutes; Friday/Saturday before and Sunday/Monday after
311,2015-10-09T20:45:00Z,2015-10-11T21:00:00Z,2895.0,192,True,True,Friday,Sunday,likely_weekly_closure,duration >= 1440 configured minutes; Friday/Saturday before and Sunday/Monday after
312,2015-10-16T20:45:00Z,2015-10-18T21:00:00Z,2895.0,192,True,True,Friday,Sunday,likely_weekly_closure,duration >= 1440 configured minutes; Friday/Saturday before and Sunday/Monday after
313,2015-10-23T20:45:00Z,2015-10-25T21:00:00Z,2895.0,192,True,True,Friday,Sunday,likely_weekly_closure,duration >= 1440 configured minutes; Friday/Saturday before and Sunday/Monday after
314,2015-10-30T20:45:00Z,2015-11-01T22:00:00Z,2955.0,196,True,True,Friday,Sunday,likely_weekly_closure,duration >= 1440 configured minutes; Friday/Saturday before and Sunday/Monday after
315,2015-11-06T21:45:00Z,2015-11-08T22:00:00Z,2895.0,192,True,True,Friday,Sunday,likely_weekly_closure,duration >= 1440 configured minutes; Friday/Saturday before and Sunday/Monday after
316,2015-11-13T21:45:00Z,2015-11-15T22:00:00Z,2895.0,192,True,True,Friday,Sunday,likely_weekly_closure,duration >= 1440 configured minutes; Friday/Saturday before and Sunday/Monday after
317,2015-11-20T21:45:00Z,2015-11-22T22:00:00Z,2895.0,192,True,True,Friday,Sunday,likely_weekly_closure,duration >= 1440 configured minutes; Friday/Saturday before and Sunday/Monday after
318,2015-11-27T21:45:00Z,2015-11-29T22:00:00Z,2895.0,192,True,True,Friday,Sunday,likely_weekly_closure,duration >= 1440 configured minutes; Friday/Saturday before and Sunday/Monday after
319,2015-12-04T21:45:00Z,2015-12-06T22:00:00Z,2895.0,192,True,True,Friday,Sunday,likely_weekly_closure,duration >= 1440 configured minutes; Friday/Saturday before and Sunday/Monday after
320,2015-12-11T21:45:00Z,2015-12-13T22:00:00Z,2895.0,192,True,True,Friday,Sunday,likely_weekly_closure,duration >= 1440 configured minutes; Friday/Saturday before and Sunday/Monday after
321,2015-12-18T21:45:00Z,2015-12-20T22:00:00Z,2895.0,192,True,True,Friday,Sunday,likely_weekly_closure,duration >= 1440 configured minutes; Friday/Saturday before and Sunday/Monday after
322,2015-12-24T18:45:00Z,2015-12-27T22:00:00Z,4515.0,300,True,True,Thursday,Sunday,long_nonweekly_gap,duration >= 720 configured minutes outside the weekly rule; interval crosses a UTC date; cause unresolved
323,2015-12-31T21:45:00Z,2016-01-03T22:00:00Z,4335.0,288,True,True,Thursday,Sunday,long_nonweekly_gap,duration >= 720 configured minutes outside the weekly rule; interval crosses a UTC date; cause unresolved
324,2016-01-08T21:45:00Z,2016-01-10T22:00:00Z,2895.0,192,True,True,Friday,Sunday,likely_weekly_closure,duration >= 1440 configured minutes; Friday/Saturday before and Sunday/Monday after
325,2016-01-15T21:45:00Z,2016-01-17T22:00:00Z,2895.0,192,True,True,Friday,Sunday,likely_weekly_closure,duration >= 1440 configured minutes; Friday/Saturday before and Sunday/Monday after
326,2016-01-22T21:45:00Z,2016-01-24T22:00:00Z,2895.0,192,True,True,Friday,Sunday,likely_weekly_closure,duration >= 1440 configured minutes; Friday/Saturday before and Sunday/Monday after
327,2016-01-29T21:45:00Z,2016-01-31T22:00:00Z,2895.0,192,True,True,Friday,Sunday,likely_weekly_closure,duration >= 1440 configured minutes; Friday/Saturday before and Sunday/Monday after
328,2016-02-05T21:45:00Z,2016-02-07T22:00:00Z,2895.0,192,True,True,Friday,Sunday,likely_weekly_closure,duration >= 1440 configured minutes; Friday/Saturday before and Sunday/Monday after
329,2016-02-12T21:45:00Z,2016-02-14T22:00:00Z,2895.0,192,True,True,Friday,Sunday,likely_weekly_closure,duration >= 1440 configured minutes; Friday/Saturday before and Sunday/Monday after
330,2016-02-19T21:45:00Z,2016-02-21T22:00:00Z,2895.0,192,True,True,Friday,Sunday,likely_weekly_closure,duration >= 1440 configured minutes; Friday/Saturday before and Sunday/Monday after
331,2016-02-26T21:45:00Z,2016-02-28T22:00:00Z,2895.0,192,True,True,Friday,Sunday,likely_weekly_closure,duration >= 1440 configured minutes; Friday/Saturday before and Sunday/Monday after
332,2016-03-04T21:45:00Z,2016-03-06T22:00:00Z,2895.0,192,True,True,Friday,Sunday,likely_weekly_closure,duration >= 1440 configured minutes; Friday/Saturday before and Sunday/Monday after
333,2016-03-11T21:45:00Z,2016-03-13T21:00:00Z,2835.0,188,True,True,Friday,Sunday,likely_weekly_closure,duration >= 1440 configured minutes; Friday/Saturday before and Sunday/Monday after
334,2016-03-18T20:45:00Z,2016-03-20T21:00:00Z,2895.0,192,True,True,Friday,Sunday,likely_weekly_closure,duration >= 1440 configured minutes; Friday/Saturday before and Sunday/Monday after
335,2016-03-25T20:45:00Z,2016-03-27T21:00:00Z,2895.0,192,True,True,Friday,Sunday,likely_weekly_closure,duration >= 1440 configured minutes; Friday/Saturday before and Sunday/Monday after
336,2016-04-01T20:45:00Z,2016-04-03T21:00:00Z,2895.0,192,True,True,Friday,Sunday,likely_weekly_closure,duration >= 1440 configured minutes; Friday/Saturday before and Sunday/Monday after
337,2016-04-08T20:45:00Z,2016-04-10T21:00:00Z,2895.0,192,True,True,Friday,Sunday,likely_weekly_closure,duration >= 1440 configured minutes; Friday/Saturday before and Sunday/Monday after
338,2016-04-15T20:45:00Z,2016-04-17T21:00:00Z,2895.0,192,True,True,Friday,Sunday,likely_weekly_closure,duration >= 1440 configured minutes; Friday/Saturday before and Sunday/Monday after
339,2016-04-22T20:45:00Z,2016-04-24T21:00:00Z,2895.0,192,True,True,Friday,Sunday,likely_weekly_closure,duration >= 1440 configured minutes; Friday/Saturday before and Sunday/Monday after
340,2016-04-29T20:45:00Z,2016-05-01T21:00:00Z,2895.0,192,True,True,Friday,Sunday,likely_weekly_closure,duration >= 1440 configured minutes; Friday/Saturday before and Sunday/Monday after
341,2016-05-06T20:45:00Z,2016-05-08T21:00:00Z,2895.0,192,True,True,Friday,Sunday,likely_weekly_closure,duration >= 1440 configured minutes; Friday/Saturday before and Sunday/Monday after
342,2016-05-13T20:45:00Z,2016-05-15T21:00:00Z,2895.0,192,True,True,Friday,Sunday,likely_weekly_closure,duration >= 1440 configured minutes; Friday/Saturday before and Sunday/Monday after
343,2016-05-20T20:45:00Z,2016-05-22T21:00:00Z,2895.0,192,True,True,Friday,Sunday,likely_weekly_closure,duration >= 1440 configured minutes; Friday/Saturday before and Sunday/Monday after
344,2016-05-27T20:45:00Z,2016-05-29T21:00:00Z,2895.0,192,True,True,Friday,Sunday,likely_weekly_closure,duration >= 1440 configured minutes; Friday/Saturday before and Sunday/Monday after
345,2016-06-03T20:45:00Z,2016-06-05T21:00:00Z,2895.0,192,True,True,Friday,Sunday,likely_weekly_closure,duration >= 1440 configured minutes; Friday/Saturday before and Sunday/Monday after
346,2016-06-10T20:45:00Z,2016-06-12T21:00:00Z,2895.0,192,True,True,Friday,Sunday,likely_weekly_closure,duration >= 1440 configured minutes; Friday/Saturday before and Sunday/Monday after
347,2016-06-17T20:45:00Z,2016-06-19T21:00:00Z,2895.0,192,True,True,Friday,Sunday,likely_weekly_closure,duration >= 1440 configured minutes; Friday/Saturday before and Sunday/Monday after
348,2016-06-24T20:45:00Z,2016-06-26T21:00:00Z,2895.0,192,True,True,Friday,Sunday,likely_weekly_closure,duration >= 1440 configured minutes; Friday/Saturday before and Sunday/Monday after
349,2016-07-01T20:45:00Z,2016-07-03T21:00:00Z,2895.0,192,True,True,Friday,Sunday,likely_weekly_closure,duration >= 1440 configured minutes; Friday/Saturday before and Sunday/Monday after
350,2016-07-08T20:45:00Z,2016-07-10T21:00:00Z,2895.0,192,True,True,Friday,Sunday,likely_weekly_closure,duration >= 1440 configured minutes; Friday/Saturday before and Sunday/Monday after
351,2016-07-15T20:45:00Z,2016-07-17T21:00:00Z,2895.0,192,True,True,Friday,Sunday,likely_weekly_closure,duration >= 1440 configured minutes; Friday/Saturday before and Sunday/Monday after
352,2016-07-22T20:45:00Z,2016-07-24T21:00:00Z,2895.0,192,True,True,Friday,Sunday,likely_weekly_closure,duration >= 1440 configured minutes; Friday/Saturday before and Sunday/Monday after
353,2016-07-29T20:45:00Z,2016-07-31T21:00:00Z,2895.0,192,True,True,Friday,Sunday,likely_weekly_closure,duration >= 1440 configured minutes; Friday/Saturday before and Sunday/Monday after
354,2016-08-05T20:45:00Z,2016-08-07T21:00:00Z,2895.0,192,True,True,Friday,Sunday,likely_weekly_closure,duration >= 1440 configured minutes; Friday/Saturday before and Sunday/Monday after
355,2016-08-12T20:45:00Z,2016-08-14T21:00:00Z,2895.0,192,True,True,Friday,Sunday,likely_weekly_closure,duration >= 1440 configured minutes; Friday/Saturday before and Sunday/Monday after
356,2016-08-19T20:45:00Z,2016-08-21T21:00:00Z,2895.0,192,True,True,Friday,Sunday,likely_weekly_closure,duration >= 1440 configured minutes; Friday/Saturday before and Sunday/Monday after
357,2016-08-26T20:45:00Z,2016-08-28T21:00:00Z,2895.0,192,True,True,Friday,Sunday,likely_weekly_closure,duration >= 1440 configured minutes; Friday/Saturday before and Sunday/Monday after
358,2016-09-02T20:45:00Z,2016-09-04T21:00:00Z,2895.0,192,True,True,Friday,Sunday,likely_weekly_closure,duration >= 1440 configured minutes; Friday/Saturday before and Sunday/Monday after
359,2016-09-09T20:45:00Z,2016-09-11T21:00:00Z,2895.0,192,True,True,Friday,Sunday,likely_weekly_closure,duration >= 1440 configured minutes; Friday/Saturday before and Sunday/Monday after
360,2016-09-16T20:45:00Z,2016-09-18T21:00:00Z,2895.0,192,True,True,Friday,Sunday,likely_weekly_closure,duration >= 1440 configured minutes; Friday/Saturday before and Sunday/Monday after
361,2016-09-23T20:45:00Z,2016-09-25T21:00:00Z,2895.0,192,True,True,Friday,Sunday,likely_weekly_closure,duration >= 1440 configured minutes; Friday/Saturday before and Sunday/Monday after
362,2016-09-30T20:45:00Z,2016-10-02T21:00:00Z,2895.0,192,True,True,Friday,Sunday,likely_weekly_closure,duration >= 1440 configured minutes; Friday/Saturday before and Sunday/Monday after
363,2016-10-07T20:45:00Z,2016-10-09T21:00:00Z,2895.0,192,True,True,Friday,Sunday,likely_weekly_closure,duration >= 1440 configured minutes; Friday/Saturday before and Sunday/Monday after
364,2016-10-14T20:45:00Z,2016-10-16T21:00:00Z,2895.0,192,True,True,Friday,Sunday,likely_weekly_closure,duration >= 1440 configured minutes; Friday/Saturday before and Sunday/Monday after
365,2016-10-21T20:45:00Z,2016-10-23T21:00:00Z,2895.0,192,True,True,Friday,Sunday,likely_weekly_closure,duration >= 1440 configured minutes; Friday/Saturday before and Sunday/Monday after
366,2016-10-28T20:45:00Z,2016-10-30T21:00:00Z,2895.0,192,True,True,Friday,Sunday,likely_weekly_closure,duration >= 1440 configured minutes; Friday/Saturday before and Sunday/Monday after
367,2016-11-04T20:45:00Z,2016-11-06T22:00:00Z,2955.0,196,True,True,Friday,Sunday,likely_weekly_closure,duration >= 1440 configured minutes; Friday/Saturday before and Sunday/Monday after
368,2016-11-11T21:45:00Z,2016-11-13T22:00:00Z,2895.0,192,True,True,Friday,Sunday,likely_weekly_closure,duration >= 1440 configured minutes; Friday/Saturday before and Sunday/Monday after
369,2016-11-18T21:45:00Z,2016-11-20T22:00:00Z,2895.0,192,True,True,Friday,Sunday,likely_weekly_closure,duration >= 1440 configured minutes; Friday/Saturday before and Sunday/Monday after
370,2016-11-25T21:45:00Z,2016-11-27T22:00:00Z,2895.0,192,True,True,Friday,Sunday,likely_weekly_closure,duration >= 1440 configured minutes; Friday/Saturday before and Sunday/Monday after
371,2016-12-02T21:45:00Z,2016-12-04T22:00:00Z,2895.0,192,True,True,Friday,Sunday,likely_weekly_closure,duration >= 1440 configured minutes; Friday/Saturday before and Sunday/Monday after
372,2016-12-09T21:45:00Z,2016-12-11T22:00:00Z,2895.0,192,True,True,Friday,Sunday,likely_weekly_closure,duration >= 1440 configured minutes; Friday/Saturday before and Sunday/Monday after
373,2016-12-16T21:45:00Z,2016-12-18T22:00:00Z,2895.0,192,True,True,Friday,Sunday,likely_weekly_closure,duration >= 1440 configured minutes; Friday/Saturday before and Sunday/Monday after
374,2016-12-23T21:45:00Z,2016-12-25T22:30:00Z,2925.0,194,True,True,Friday,Sunday,likely_weekly_closure,duration >= 1440 configured minutes; Friday/Saturday before and Sunday/Monday after
375,2016-12-26T06:45:00Z,2016-12-26T23:00:00Z,975.0,64,True,False,Monday,Monday,long_nonweekly_gap,duration >= 720 configured minutes outside the weekly rule; interval is within one UTC date; cause unresolved
376,2016-12-30T21:45:00Z,2017-01-02T07:00:00Z,3435.0,228,True,True,Friday,Monday,likely_weekly_closure,duration >= 1440 configured minutes; Friday/Saturday before and Sunday/Monday after
377,2017-01-06T21:45:00Z,2017-01-08T22:00:00Z,2895.0,192,True,True,Friday,Sunday,likely_weekly_closure,duration >= 1440 configured minutes; Friday/Saturday before and Sunday/Monday after
378,2017-01-13T21:45:00Z,2017-01-15T22:00:00Z,2895.0,192,True,True,Friday,Sunday,likely_weekly_closure,duration >= 1440 configured minutes; Friday/Saturday before and Sunday/Monday after
379,2017-01-20T21:45:00Z,2017-01-22T22:00:00Z,2895.0,192,True,True,Friday,Sunday,likely_weekly_closure,duration >= 1440 configured minutes; Friday/Saturday before and Sunday/Monday after
380,2017-01-27T21:45:00Z,2017-01-29T22:00:00Z,2895.0,192,True,True,Friday,Sunday,likely_weekly_closure,duration >= 1440 configured minutes; Friday/Saturday before and Sunday/Monday after
381,2017-02-03T21:45:00Z,2017-02-05T22:00:00Z,2895.0,192,True,True,Friday,Sunday,likely_weekly_closure,duration >= 1440 configured minutes; Friday/Saturday before and Sunday/Monday after
382,2017-02-10T21:45:00Z,2017-02-12T22:00:00Z,2895.0,192,True,True,Friday,Sunday,likely_weekly_closure,duration >= 1440 configured minutes; Friday/Saturday before and Sunday/Monday after
383,2017-02-17T21:45:00Z,2017-02-19T22:00:00Z,2895.0,192,True,True,Friday,Sunday,likely_weekly_closure,duration >= 1440 configured minutes; Friday/Saturday before and Sunday/Monday after
384,2017-02-24T21:45:00Z,2017-02-26T22:00:00Z,2895.0,192,True,True,Friday,Sunday,likely_weekly_closure,duration >= 1440 configured minutes; Friday/Saturday before and Sunday/Monday after
385,2017-03-03T21:45:00Z,2017-03-05T22:00:00Z,2895.0,192,True,True,Friday,Sunday,likely_weekly_closure,duration >= 1440 configured minutes; Friday/Saturday before and Sunday/Monday after
386,2017-03-10T21:45:00Z,2017-03-12T21:00:00Z,2835.0,188,True,True,Friday,Sunday,likely_weekly_closure,duration >= 1440 configured minutes; Friday/Saturday before and Sunday/Monday after
387,2017-03-17T20:45:00Z,2017-03-19T21:00:00Z,2895.0,192,True,True,Friday,Sunday,likely_weekly_closure,duration >= 1440 configured minutes; Friday/Saturday before and Sunday/Monday after
388,2017-03-24T20:45:00Z,2017-03-26T21:00:00Z,2895.0,192,True,True,Friday,Sunday,likely_weekly_closure,duration >= 1440 configured minutes; Friday/Saturday before and Sunday/Monday after
389,2017-03-31T20:45:00Z,2017-04-02T21:00:00Z,2895.0,192,True,True,Friday,Sunday,likely_weekly_closure,duration >= 1440 configured minutes; Friday/Saturday before and Sunday/Monday after
390,2017-04-07T20:45:00Z,2017-04-09T21:00:00Z,2895.0,192,True,True,Friday,Sunday,likely_weekly_closure,duration >= 1440 configured minutes; Friday/Saturday before and Sunday/Monday after
391,2017-04-14T20:45:00Z,2017-04-16T21:00:00Z,2895.0,192,True,True,Friday,Sunday,likely_weekly_closure,duration >= 1440 configured minutes; Friday/Saturday before and Sunday/Monday after
392,2017-04-21T20:45:00Z,2017-04-23T21:00:00Z,2895.0,192,True,True,Friday,Sunday,likely_weekly_closure,duration >= 1440 configured minutes; Friday/Saturday before and Sunday/Monday after
393,2017-04-28T20:45:00Z,2017-04-30T21:00:00Z,2895.0,192,True,True,Friday,Sunday,likely_weekly_closure,duration >= 1440 configured minutes; Friday/Saturday before and Sunday/Monday after
394,2017-05-05T20:45:00Z,2017-05-07T21:00:00Z,2895.0,192,True,True,Friday,Sunday,likely_weekly_closure,duration >= 1440 configured minutes; Friday/Saturday before and Sunday/Monday after
395,2017-05-12T20:45:00Z,2017-05-14T21:00:00Z,2895.0,192,True,True,Friday,Sunday,likely_weekly_closure,duration >= 1440 configured minutes; Friday/Saturday before and Sunday/Monday after
396,2017-05-19T20:45:00Z,2017-05-21T21:00:00Z,2895.0,192,True,True,Friday,Sunday,likely_weekly_closure,duration >= 1440 configured minutes; Friday/Saturday before and Sunday/Monday after
397,2017-05-26T20:45:00Z,2017-05-28T21:00:00Z,2895.0,192,True,True,Friday,Sunday,likely_weekly_closure,duration >= 1440 configured minutes; Friday/Saturday before and Sunday/Monday after
398,2017-06-02T20:45:00Z,2017-06-04T21:00:00Z,2895.0,192,True,True,Friday,Sunday,likely_weekly_closure,duration >= 1440 configured minutes; Friday/Saturday before and Sunday/Monday after
399,2017-06-09T20:45:00Z,2017-06-11T21:00:00Z,2895.0,192,True,True,Friday,Sunday,likely_weekly_closure,duration >= 1440 configured minutes; Friday/Saturday before and Sunday/Monday after
400,2017-06-16T20:45:00Z,2017-06-18T21:00:00Z,2895.0,192,True,True,Friday,Sunday,likely_weekly_closure,duration >= 1440 configured minutes; Friday/Saturday before and Sunday/Monday after
401,2017-06-23T20:45:00Z,2017-06-25T21:00:00Z,2895.0,192,True,True,Friday,Sunday,likely_weekly_closure,duration >= 1440 configured minutes; Friday/Saturday before and Sunday/Monday after
402,2017-06-30T20:45:00Z,2017-07-02T21:00:00Z,2895.0,192,True,True,Friday,Sunday,likely_weekly_closure,duration >= 1440 configured minutes; Friday/Saturday before and Sunday/Monday after
403,2017-07-07T20:45:00Z,2017-07-09T21:00:00Z,2895.0,192,True,True,Friday,Sunday,likely_weekly_closure,duration >= 1440 configured minutes; Friday/Saturday before and Sunday/Monday after
404,2017-07-14T20:45:00Z,2017-07-16T21:00:00Z,2895.0,192,True,True,Friday,Sunday,likely_weekly_closure,duration >= 1440 configured minutes; Friday/Saturday before and Sunday/Monday after
405,2017-07-21T20:45:00Z,2017-07-23T21:00:00Z,2895.0,192,True,True,Friday,Sunday,likely_weekly_closure,duration >= 1440 configured minutes; Friday/Saturday before and Sunday/Monday after
406,2017-07-28T20:45:00Z,2017-07-30T21:00:00Z,2895.0,192,True,True,Friday,Sunday,likely_weekly_closure,duration >= 1440 configured minutes; Friday/Saturday before and Sunday/Monday after
407,2017-08-04T20:45:00Z,2017-08-06T21:00:00Z,2895.0,192,True,True,Friday,Sunday,likely_weekly_closure,duration >= 1440 configured minutes; Friday/Saturday before and Sunday/Monday after
408,2017-08-11T20:45:00Z,2017-08-13T21:00:00Z,2895.0,192,True,True,Friday,Sunday,likely_weekly_closure,duration >= 1440 configured minutes; Friday/Saturday before and Sunday/Monday after
409,2017-08-18T20:45:00Z,2017-08-20T21:00:00Z,2895.0,192,True,True,Friday,Sunday,likely_weekly_closure,duration >= 1440 configured minutes; Friday/Saturday before and Sunday/Monday after
410,2017-08-25T20:45:00Z,2017-08-27T21:00:00Z,2895.0,192,True,True,Friday,Sunday,likely_weekly_closure,duration >= 1440 configured minutes; Friday/Saturday before and Sunday/Monday after
411,2017-09-01T20:45:00Z,2017-09-03T21:00:00Z,2895.0,192,True,True,Friday,Sunday,likely_weekly_closure,duration >= 1440 configured minutes; Friday/Saturday before and Sunday/Monday after
412,2017-09-08T20:45:00Z,2017-09-10T21:00:00Z,2895.0,192,True,True,Friday,Sunday,likely_weekly_closure,duration >= 1440 configured minutes; Friday/Saturday before and Sunday/Monday after
413,2017-09-15T20:45:00Z,2017-09-17T21:00:00Z,2895.0,192,True,True,Friday,Sunday,likely_weekly_closure,duration >= 1440 configured minutes; Friday/Saturday before and Sunday/Monday after
414,2017-09-22T20:45:00Z,2017-09-24T21:00:00Z,2895.0,192,True,True,Friday,Sunday,likely_weekly_closure,duration >= 1440 configured minutes; Friday/Saturday before and Sunday/Monday after
415,2017-09-29T20:45:00Z,2017-10-01T21:00:00Z,2895.0,192,True,True,Friday,Sunday,likely_weekly_closure,duration >= 1440 configured minutes; Friday/Saturday before and Sunday/Monday after
416,2017-10-06T20:45:00Z,2017-10-08T21:00:00Z,2895.0,192,True,True,Friday,Sunday,likely_weekly_closure,duration >= 1440 configured minutes; Friday/Saturday before and Sunday/Monday after
417,2017-10-13T20:45:00Z,2017-10-15T21:00:00Z,2895.0,192,True,True,Friday,Sunday,likely_weekly_closure,duration >= 1440 configured minutes; Friday/Saturday before and Sunday/Monday after
418,2017-10-20T20:45:00Z,2017-10-22T21:00:00Z,2895.0,192,True,True,Friday,Sunday,likely_weekly_closure,duration >= 1440 configured minutes; Friday/Saturday before and Sunday/Monday after
419,2017-10-27T20:45:00Z,2017-10-29T21:00:00Z,2895.0,192,True,True,Friday,Sunday,likely_weekly_closure,duration >= 1440 configured minutes; Friday/Saturday before and Sunday/Monday after
420,2017-11-03T20:45:00Z,2017-11-05T22:00:00Z,2955.0,196,True,True,Friday,Sunday,likely_weekly_closure,duration >= 1440 configured minutes; Friday/Saturday before and Sunday/Monday after
421,2017-11-10T21:45:00Z,2017-11-12T22:00:00Z,2895.0,192,True,True,Friday,Sunday,likely_weekly_closure,duration >= 1440 configured minutes; Friday/Saturday before and Sunday/Monday after
422,2017-11-17T21:45:00Z,2017-11-19T22:00:00Z,2895.0,192,True,True,Friday,Sunday,likely_weekly_closure,duration >= 1440 configured minutes; Friday/Saturday before and Sunday/Monday after
423,2017-11-24T21:45:00Z,2017-11-26T22:00:00Z,2895.0,192,True,True,Friday,Sunday,likely_weekly_closure,duration >= 1440 configured minutes; Friday/Saturday before and Sunday/Monday after
424,2017-12-01T21:45:00Z,2017-12-03T22:00:00Z,2895.0,192,True,True,Friday,Sunday,likely_weekly_closure,duration >= 1440 configured minutes; Friday/Saturday before and Sunday/Monday after
425,2017-12-08T21:45:00Z,2017-12-10T22:00:00Z,2895.0,192,True,True,Friday,Sunday,likely_weekly_closure,duration >= 1440 configured minutes; Friday/Saturday before and Sunday/Monday after
426,2017-12-15T21:45:00Z,2017-12-17T22:00:00Z,2895.0,192,True,True,Friday,Sunday,likely_weekly_closure,duration >= 1440 configured minutes; Friday/Saturday before and Sunday/Monday after
427,2017-12-22T21:45:00Z,2017-12-25T22:00:00Z,4335.0,288,True,True,Friday,Monday,likely_weekly_closure,duration >= 1440 configured minutes; Friday/Saturday before and Sunday/Monday after
428,2017-12-29T21:45:00Z,2018-01-01T22:00:00Z,4335.0,288,True,True,Friday,Monday,likely_weekly_closure,duration >= 1440 configured minutes; Friday/Saturday before and Sunday/Monday after
429,2018-01-05T21:45:00Z,2018-01-07T22:00:00Z,2895.0,192,True,True,Friday,Sunday,likely_weekly_closure,duration >= 1440 configured minutes; Friday/Saturday before and Sunday/Monday after
430,2018-01-12T21:45:00Z,2018-01-14T22:00:00Z,2895.0,192,True,True,Friday,Sunday,likely_weekly_closure,duration >= 1440 configured minutes; Friday/Saturday before and Sunday/Monday after
431,2018-01-19T21:45:00Z,2018-01-21T22:00:00Z,2895.0,192,True,True,Friday,Sunday,likely_weekly_closure,duration >= 1440 configured minutes; Friday/Saturday before and Sunday/Monday after
432,2018-01-26T21:45:00Z,2018-01-28T22:00:00Z,2895.0,192,True,True,Friday,Sunday,likely_weekly_closure,duration >= 1440 configured minutes; Friday/Saturday before and Sunday/Monday after
433,2018-02-02T21:45:00Z,2018-02-04T22:00:00Z,2895.0,192,True,True,Friday,Sunday,likely_weekly_closure,duration >= 1440 configured minutes; Friday/Saturday before and Sunday/Monday after
434,2018-02-09T21:45:00Z,2018-02-11T22:00:00Z,2895.0,192,True,True,Friday,Sunday,likely_weekly_closure,duration >= 1440 configured minutes; Friday/Saturday before and Sunday/Monday after
435,2018-02-16T21:45:00Z,2018-02-18T22:00:00Z,2895.0,192,True,True,Friday,Sunday,likely_weekly_closure,duration >= 1440 configured minutes; Friday/Saturday before and Sunday/Monday after
436,2018-02-23T21:45:00Z,2018-02-25T22:00:00Z,2895.0,192,True,True,Friday,Sunday,likely_weekly_closure,duration >= 1440 configured minutes; Friday/Saturday before and Sunday/Monday after
437,2018-03-02T21:45:00Z,2018-03-04T22:00:00Z,2895.0,192,True,True,Friday,Sunday,likely_weekly_closure,duration >= 1440 configured minutes; Friday/Saturday before and Sunday/Monday after
438,2018-03-09T21:45:00Z,2018-03-11T21:00:00Z,2835.0,188,True,True,Friday,Sunday,likely_weekly_closure,duration >= 1440 configured minutes; Friday/Saturday before and Sunday/Monday after
439,2018-03-16T20:45:00Z,2018-03-18T21:00:00Z,2895.0,192,True,True,Friday,Sunday,likely_weekly_closure,duration >= 1440 configured minutes; Friday/Saturday before and Sunday/Monday after
440,2018-03-23T20:45:00Z,2018-03-25T21:00:00Z,2895.0,192,True,True,Friday,Sunday,likely_weekly_closure,duration >= 1440 configured minutes; Friday/Saturday before and Sunday/Monday after
441,2018-03-30T20:45:00Z,2018-04-01T21:00:00Z,2895.0,192,True,True,Friday,Sunday,likely_weekly_closure,duration >= 1440 configured minutes; Friday/Saturday before and Sunday/Monday after
442,2018-04-06T20:45:00Z,2018-04-08T21:00:00Z,2895.0,192,True,True,Friday,Sunday,likely_weekly_closure,duration >= 1440 configured minutes; Friday/Saturday before and Sunday/Monday after
443,2018-04-13T20:45:00Z,2018-04-15T21:00:00Z,2895.0,192,True,True,Friday,Sunday,likely_weekly_closure,duration >= 1440 configured minutes; Friday/Saturday before and Sunday/Monday after
444,2018-04-20T20:45:00Z,2018-04-22T21:00:00Z,2895.0,192,True,True,Friday,Sunday,likely_weekly_closure,duration >= 1440 configured minutes; Friday/Saturday before and Sunday/Monday after
445,2018-04-27T20:45:00Z,2018-04-29T21:00:00Z,2895.0,192,True,True,Friday,Sunday,likely_weekly_closure,duration >= 1440 configured minutes; Friday/Saturday before and Sunday/Monday after
446,2018-05-04T20:45:00Z,2018-05-06T21:00:00Z,2895.0,192,True,True,Friday,Sunday,likely_weekly_closure,duration >= 1440 configured minutes; Friday/Saturday before and Sunday/Monday after
447,2018-05-11T20:45:00Z,2018-05-13T21:00:00Z,2895.0,192,True,True,Friday,Sunday,likely_weekly_closure,duration >= 1440 configured minutes; Friday/Saturday before and Sunday/Monday after
448,2018-05-18T20:45:00Z,2018-05-20T21:00:00Z,2895.0,192,True,True,Friday,Sunday,likely_weekly_closure,duration >= 1440 configured minutes; Friday/Saturday before and Sunday/Monday after
449,2018-05-25T20:45:00Z,2018-05-27T21:00:00Z,2895.0,192,True,True,Friday,Sunday,likely_weekly_closure,duration >= 1440 configured minutes; Friday/Saturday before and Sunday/Monday after
450,2018-06-01T20:45:00Z,2018-06-03T21:00:00Z,2895.0,192,True,True,Friday,Sunday,likely_weekly_closure,duration >= 1440 configured minutes; Friday/Saturday before and Sunday/Monday after
451,2018-06-08T20:45:00Z,2018-06-10T21:00:00Z,2895.0,192,True,True,Friday,Sunday,likely_weekly_closure,duration >= 1440 configured minutes; Friday/Saturday before and Sunday/Monday after
452,2018-06-15T20:45:00Z,2018-06-17T21:00:00Z,2895.0,192,True,True,Friday,Sunday,likely_weekly_closure,duration >= 1440 configured minutes; Friday/Saturday before and Sunday/Monday after
453,2018-06-22T20:45:00Z,2018-06-24T21:00:00Z,2895.0,192,True,True,Friday,Sunday,likely_weekly_closure,duration >= 1440 configured minutes; Friday/Saturday before and Sunday/Monday after
454,2018-06-29T20:45:00Z,2018-07-01T21:00:00Z,2895.0,192,True,True,Friday,Sunday,likely_weekly_closure,duration >= 1440 configured minutes; Friday/Saturday before and Sunday/Monday after
455,2018-07-06T20:45:00Z,2018-07-08T21:00:00Z,2895.0,192,True,True,Friday,Sunday,likely_weekly_closure,duration >= 1440 configured minutes; Friday/Saturday before and Sunday/Monday after
456,2018-07-13T20:45:00Z,2018-07-15T21:00:00Z,2895.0,192,True,True,Friday,Sunday,likely_weekly_closure,duration >= 1440 configured minutes; Friday/Saturday before and Sunday/Monday after
457,2018-07-20T20:45:00Z,2018-07-22T21:00:00Z,2895.0,192,True,True,Friday,Sunday,likely_weekly_closure,duration >= 1440 configured minutes; Friday/Saturday before and Sunday/Monday after
458,2018-07-27T20:45:00Z,2018-07-29T21:00:00Z,2895.0,192,True,True,Friday,Sunday,likely_weekly_closure,duration >= 1440 configured minutes; Friday/Saturday before and Sunday/Monday after
459,2018-08-03T20:45:00Z,2018-08-05T21:00:00Z,2895.0,192,True,True,Friday,Sunday,likely_weekly_closure,duration >= 1440 configured minutes; Friday/Saturday before and Sunday/Monday after
460,2018-08-10T20:45:00Z,2018-08-12T21:00:00Z,2895.0,192,True,True,Friday,Sunday,likely_weekly_closure,duration >= 1440 configured minutes; Friday/Saturday before and Sunday/Monday after
461,2018-08-17T20:45:00Z,2018-08-19T21:00:00Z,2895.0,192,True,True,Friday,Sunday,likely_weekly_closure,duration >= 1440 configured minutes; Friday/Saturday before and Sunday/Monday after
462,2018-08-24T20:45:00Z,2018-08-26T21:00:00Z,2895.0,192,True,True,Friday,Sunday,likely_weekly_closure,duration >= 1440 configured minutes; Friday/Saturday before and Sunday/Monday after
463,2018-08-31T20:45:00Z,2018-09-02T21:00:00Z,2895.0,192,True,True,Friday,Sunday,likely_weekly_closure,duration >= 1440 configured minutes; Friday/Saturday before and Sunday/Monday after
464,2018-09-07T20:45:00Z,2018-09-09T21:00:00Z,2895.0,192,True,True,Friday,Sunday,likely_weekly_closure,duration >= 1440 configured minutes; Friday/Saturday before and Sunday/Monday after
465,2018-09-14T20:45:00Z,2018-09-16T21:00:00Z,2895.0,192,True,True,Friday,Sunday,likely_weekly_closure,duration >= 1440 configured minutes; Friday/Saturday before and Sunday/Monday after
466,2018-09-21T20:45:00Z,2018-09-23T21:00:00Z,2895.0,192,True,True,Friday,Sunday,likely_weekly_closure,duration >= 1440 configured minutes; Friday/Saturday before and Sunday/Monday after
467,2018-09-28T20:45:00Z,2018-09-30T21:00:00Z,2895.0,192,True,True,Friday,Sunday,likely_weekly_closure,duration >= 1440 configured minutes; Friday/Saturday before and Sunday/Monday after
468,2018-10-05T20:45:00Z,2018-10-07T21:00:00Z,2895.0,192,True,True,Friday,Sunday,likely_weekly_closure,duration >= 1440 configured minutes; Friday/Saturday before and Sunday/Monday after
469,2018-10-12T20:45:00Z,2018-10-14T21:00:00Z,2895.0,192,True,True,Friday,Sunday,likely_weekly_closure,duration >= 1440 configured minutes; Friday/Saturday before and Sunday/Monday after
470,2018-10-19T20:45:00Z,2018-10-21T21:00:00Z,2895.0,192,True,True,Friday,Sunday,likely_weekly_closure,duration >= 1440 configured minutes; Friday/Saturday before and Sunday/Monday after
471,2018-10-26T20:45:00Z,2018-10-28T21:00:00Z,2895.0,192,True,True,Friday,Sunday,likely_weekly_closure,duration >= 1440 configured minutes; Friday/Saturday before and Sunday/Monday after
472,2018-11-02T20:45:00Z,2018-11-04T22:00:00Z,2955.0,196,True,True,Friday,Sunday,likely_weekly_closure,duration >= 1440 configured minutes; Friday/Saturday before and Sunday/Monday after
473,2018-11-09T21:45:00Z,2018-11-11T22:00:00Z,2895.0,192,True,True,Friday,Sunday,likely_weekly_closure,duration >= 1440 configured minutes; Friday/Saturday before and Sunday/Monday after
474,2018-11-16T21:45:00Z,2018-11-18T22:00:00Z,2895.0,192,True,True,Friday,Sunday,likely_weekly_closure,duration >= 1440 configured minutes; Friday/Saturday before and Sunday/Monday after
475,2018-11-23T21:45:00Z,2018-11-25T22:00:00Z,2895.0,192,True,True,Friday,Sunday,likely_weekly_closure,duration >= 1440 configured minutes; Friday/Saturday before and Sunday/Monday after
476,2018-11-30T21:45:00Z,2018-12-02T22:00:00Z,2895.0,192,True,True,Friday,Sunday,likely_weekly_closure,duration >= 1440 configured minutes; Friday/Saturday before and Sunday/Monday after
477,2018-12-07T21:45:00Z,2018-12-09T22:00:00Z,2895.0,192,True,True,Friday,Sunday,likely_weekly_closure,duration >= 1440 configured minutes; Friday/Saturday before and Sunday/Monday after
478,2018-12-14T21:45:00Z,2018-12-16T22:00:00Z,2895.0,192,True,True,Friday,Sunday,likely_weekly_closure,duration >= 1440 configured minutes; Friday/Saturday before and Sunday/Monday after
479,2018-12-21T21:45:00Z,2018-12-23T22:00:00Z,2895.0,192,True,True,Friday,Sunday,likely_weekly_closure,duration >= 1440 configured minutes; Friday/Saturday before and Sunday/Monday after
480,2018-12-25T07:45:00Z,2018-12-25T22:00:00Z,855.0,56,True,False,Tuesday,Tuesday,long_nonweekly_gap,duration >= 720 configured minutes outside the weekly rule; interval is within one UTC date; cause unresolved
481,2018-12-28T21:45:00Z,2018-12-30T22:00:00Z,2895.0,192,True,True,Friday,Sunday,likely_weekly_closure,duration >= 1440 configured minutes; Friday/Saturday before and Sunday/Monday after
482,2018-12-31T21:45:00Z,2019-01-01T22:00:00Z,1455.0,96,True,True,Monday,Tuesday,long_nonweekly_gap,duration >= 720 configured minutes outside the weekly rule; interval crosses a UTC date; cause unresolved
483,2019-01-04T21:45:00Z,2019-01-06T22:00:00Z,2895.0,192,True,True,Friday,Sunday,likely_weekly_closure,duration >= 1440 configured minutes; Friday/Saturday before and Sunday/Monday after
484,2019-01-11T21:45:00Z,2019-01-13T22:00:00Z,2895.0,192,True,True,Friday,Sunday,likely_weekly_closure,duration >= 1440 configured minutes; Friday/Saturday before and Sunday/Monday after
485,2019-01-18T21:45:00Z,2019-01-20T22:00:00Z,2895.0,192,True,True,Friday,Sunday,likely_weekly_closure,duration >= 1440 configured minutes; Friday/Saturday before and Sunday/Monday after
486,2019-01-25T21:45:00Z,2019-01-27T22:00:00Z,2895.0,192,True,True,Friday,Sunday,likely_weekly_closure,duration >= 1440 configured minutes; Friday/Saturday before and Sunday/Monday after
487,2019-02-01T21:45:00Z,2019-02-03T22:00:00Z,2895.0,192,True,True,Friday,Sunday,likely_weekly_closure,duration >= 1440 configured minutes; Friday/Saturday before and Sunday/Monday after
488,2019-02-08T21:45:00Z,2019-02-10T22:00:00Z,2895.0,192,True,True,Friday,Sunday,likely_weekly_closure,duration >= 1440 configured minutes; Friday/Saturday before and Sunday/Monday after
489,2019-02-15T21:45:00Z,2019-02-17T22:00:00Z,2895.0,192,True,True,Friday,Sunday,likely_weekly_closure,duration >= 1440 configured minutes; Friday/Saturday before and Sunday/Monday after
490,2019-02-22T21:45:00Z,2019-02-24T22:00:00Z,2895.0,192,True,True,Friday,Sunday,likely_weekly_closure,duration >= 1440 configured minutes; Friday/Saturday before and Sunday/Monday after
491,2019-03-01T21:45:00Z,2019-03-03T22:00:00Z,2895.0,192,True,True,Friday,Sunday,likely_weekly_closure,duration >= 1440 configured minutes; Friday/Saturday before and Sunday/Monday after
492,2019-03-08T21:45:00Z,2019-03-10T20:00:00Z,2775.0,184,True,True,Friday,Sunday,likely_weekly_closure,duration >= 1440 configured minutes; Friday/Saturday before and Sunday/Monday after
493,2019-03-15T19:45:00Z,2019-03-17T20:00:00Z,2895.0,192,True,True,Friday,Sunday,likely_weekly_closure,duration >= 1440 configured minutes; Friday/Saturday before and Sunday/Monday after
494,2019-03-22T19:45:00Z,2019-03-24T20:00:00Z,2895.0,192,True,True,Friday,Sunday,likely_weekly_closure,duration >= 1440 configured minutes; Friday/Saturday before and Sunday/Monday after
495,2019-03-29T19:45:00Z,2019-03-31T21:00:00Z,2955.0,196,True,True,Friday,Sunday,likely_weekly_closure,duration >= 1440 configured minutes; Friday/Saturday before and Sunday/Monday after
496,2019-03-31T22:45:00Z,2019-04-01T00:00:00Z,75.0,4,True,True,Sunday,Monday,unclassified,interval does not satisfy the configured descriptive category rules
497,2019-04-05T20:45:00Z,2019-04-07T21:00:00Z,2895.0,192,True,True,Friday,Sunday,likely_weekly_closure,duration >= 1440 configured minutes; Friday/Saturday before and Sunday/Monday after
498,2019-04-12T20:45:00Z,2019-04-14T21:00:00Z,2895.0,192,True,True,Friday,Sunday,likely_weekly_closure,duration >= 1440 configured minutes; Friday/Saturday before and Sunday/Monday after
499,2019-04-19T20:45:00Z,2019-04-21T21:00:00Z,2895.0,192,True,True,Friday,Sunday,likely_weekly_closure,duration >= 1440 configured minutes; Friday/Saturday before and Sunday/Monday after
500,2019-04-26T20:45:00Z,2019-04-28T21:00:00Z,2895.0,192,True,True,Friday,Sunday,likely_weekly_closure,duration >= 1440 configured minutes; Friday/Saturday before and Sunday/Monday after
501,2019-05-03T20:45:00Z,2019-05-05T21:00:00Z,2895.0,192,True,True,Friday,Sunday,likely_weekly_closure,duration >= 1440 configured minutes; Friday/Saturday before and Sunday/Monday after
502,2019-05-10T20:45:00Z,2019-05-12T21:00:00Z,2895.0,192,True,True,Friday,Sunday,likely_weekly_closure,duration >= 1440 configured minutes; Friday/Saturday before and Sunday/Monday after
503,2019-05-17T20:45:00Z,2019-05-19T21:00:00Z,2895.0,192,True,True,Friday,Sunday,likely_weekly_closure,duration >= 1440 configured minutes; Friday/Saturday before and Sunday/Monday after
504,2019-05-24T20:45:00Z,2019-05-27T03:00:00Z,3255.0,216,True,True,Friday,Monday,likely_weekly_closure,duration >= 1440 configured minutes; Friday/Saturday before and Sunday/Monday after
505,2019-05-27T03:45:00Z,2019-05-27T10:00:00Z,375.0,24,True,False,Monday,Monday,non_weekend_intraday,both endpoints are Monday-Friday; duration is below the configured large-gap threshold; interval is within one UTC date
506,2019-05-31T20:45:00Z,2019-06-02T21:00:00Z,2895.0,192,True,True,Friday,Sunday,likely_weekly_closure,duration >= 1440 configured minutes; Friday/Saturday before and Sunday/Monday after
507,2019-06-07T20:45:00Z,2019-06-09T21:00:00Z,2895.0,192,True,True,Friday,Sunday,likely_weekly_closure,duration >= 1440 configured minutes; Friday/Saturday before and Sunday/Monday after
508,2019-06-14T20:45:00Z,2019-06-16T21:00:00Z,2895.0,192,True,True,Friday,Sunday,likely_weekly_closure,duration >= 1440 configured minutes; Friday/Saturday before and Sunday/Monday after
509,2019-06-21T20:45:00Z,2019-06-23T21:00:00Z,2895.0,192,True,True,Friday,Sunday,likely_weekly_closure,duration >= 1440 configured minutes; Friday/Saturday before and Sunday/Monday after
510,2019-06-28T20:45:00Z,2019-06-30T21:00:00Z,2895.0,192,True,True,Friday,Sunday,likely_weekly_closure,duration >= 1440 configured minutes; Friday/Saturday before and Sunday/Monday after
511,2019-07-05T20:45:00Z,2019-07-07T21:00:00Z,2895.0,192,True,True,Friday,Sunday,likely_weekly_closure,duration >= 1440 configured minutes; Friday/Saturday before and Sunday/Monday after
512,2019-07-12T20:45:00Z,2019-07-14T21:00:00Z,2895.0,192,True,True,Friday,Sunday,likely_weekly_closure,duration >= 1440 configured minutes; Friday/Saturday before and Sunday/Monday after
513,2019-07-19T20:45:00Z,2019-07-21T21:00:00Z,2895.0,192,True,True,Friday,Sunday,likely_weekly_closure,duration >= 1440 configured minutes; Friday/Saturday before and Sunday/Monday after
514,2019-07-26T20:45:00Z,2019-07-28T21:00:00Z,2895.0,192,True,True,Friday,Sunday,likely_weekly_closure,duration >= 1440 configured minutes; Friday/Saturday before and Sunday/Monday after
515,2019-08-02T20:45:00Z,2019-08-04T21:00:00Z,2895.0,192,True,True,Friday,Sunday,likely_weekly_closure,duration >= 1440 configured minutes; Friday/Saturday before and Sunday/Monday after
516,2019-08-09T20:45:00Z,2019-08-11T21:00:00Z,2895.0,192,True,True,Friday,Sunday,likely_weekly_closure,duration >= 1440 configured minutes; Friday/Saturday before and Sunday/Monday after
517,2019-08-16T20:45:00Z,2019-08-18T21:00:00Z,2895.0,192,True,True,Friday,Sunday,likely_weekly_closure,duration >= 1440 configured minutes; Friday/Saturday before and Sunday/Monday after
518,2019-08-23T20:45:00Z,2019-08-25T21:00:00Z,2895.0,192,True,True,Friday,Sunday,likely_weekly_closure,duration >= 1440 configured minutes; Friday/Saturday before and Sunday/Monday after
519,2019-08-30T20:45:00Z,2019-09-01T21:00:00Z,2895.0,192,True,True,Friday,Sunday,likely_weekly_closure,duration >= 1440 configured minutes; Friday/Saturday before and Sunday/Monday after
520,2019-09-06T20:45:00Z,2019-09-08T21:00:00Z,2895.0,192,True,True,Friday,Sunday,likely_weekly_closure,duration >= 1440 configured minutes; Friday/Saturday before and Sunday/Monday after
521,2019-09-13T20:45:00Z,2019-09-15T21:00:00Z,2895.0,192,True,True,Friday,Sunday,likely_weekly_closure,duration >= 1440 configured minutes; Friday/Saturday before and Sunday/Monday after
522,2019-09-20T20:45:00Z,2019-09-22T21:00:00Z,2895.0,192,True,True,Friday,Sunday,likely_weekly_closure,duration >= 1440 configured minutes; Friday/Saturday before and Sunday/Monday after
523,2019-09-27T20:45:00Z,2019-09-29T21:00:00Z,2895.0,192,True,True,Friday,Sunday,likely_weekly_closure,duration >= 1440 configured minutes; Friday/Saturday before and Sunday/Monday after
524,2019-10-04T20:45:00Z,2019-10-06T21:00:00Z,2895.0,192,True,True,Friday,Sunday,likely_weekly_closure,duration >= 1440 configured minutes; Friday/Saturday before and Sunday/Monday after
525,2019-10-11T20:45:00Z,2019-10-13T21:00:00Z,2895.0,192,True,True,Friday,Sunday,likely_weekly_closure,duration >= 1440 configured minutes; Friday/Saturday before and Sunday/Monday after
526,2019-10-18T20:45:00Z,2019-10-20T21:00:00Z,2895.0,192,True,True,Friday,Sunday,likely_weekly_closure,duration >= 1440 configured minutes; Friday/Saturday before and Sunday/Monday after
527,2019-10-25T20:45:00Z,2019-10-27T20:00:00Z,2835.0,188,True,True,Friday,Sunday,likely_weekly_closure,duration >= 1440 configured minutes; Friday/Saturday before and Sunday/Monday after
528,2019-11-01T19:45:00Z,2019-11-03T22:00:00Z,3015.0,200,True,True,Friday,Sunday,likely_weekly_closure,duration >= 1440 configured minutes; Friday/Saturday before and Sunday/Monday after
529,2019-11-08T21:45:00Z,2019-11-10T22:00:00Z,2895.0,192,True,True,Friday,Sunday,likely_weekly_closure,duration >= 1440 configured minutes; Friday/Saturday before and Sunday/Monday after
530,2019-11-15T21:45:00Z,2019-11-17T22:00:00Z,2895.0,192,True,True,Friday,Sunday,likely_weekly_closure,duration >= 1440 configured minutes; Friday/Saturday before and Sunday/Monday after
531,2019-11-22T21:45:00Z,2019-11-24T22:00:00Z,2895.0,192,True,True,Friday,Sunday,likely_weekly_closure,duration >= 1440 configured minutes; Friday/Saturday before and Sunday/Monday after
532,2019-11-29T21:45:00Z,2019-12-01T22:00:00Z,2895.0,192,True,True,Friday,Sunday,likely_weekly_closure,duration >= 1440 configured minutes; Friday/Saturday before and Sunday/Monday after
533,2019-12-06T21:45:00Z,2019-12-08T22:00:00Z,2895.0,192,True,True,Friday,Sunday,likely_weekly_closure,duration >= 1440 configured minutes; Friday/Saturday before and Sunday/Monday after
534,2019-12-13T21:45:00Z,2019-12-15T22:00:00Z,2895.0,192,True,True,Friday,Sunday,likely_weekly_closure,duration >= 1440 configured minutes; Friday/Saturday before and Sunday/Monday after
535,2019-12-20T21:45:00Z,2019-12-22T22:00:00Z,2895.0,192,True,True,Friday,Sunday,likely_weekly_closure,duration >= 1440 configured minutes; Friday/Saturday before and Sunday/Monday after
536,2019-12-24T21:45:00Z,2019-12-24T22:45:00Z,60.0,3,True,False,Tuesday,Tuesday,non_weekend_intraday,both endpoints are Monday-Friday; duration is below the configured large-gap threshold; interval is within one UTC date
537,2019-12-25T07:45:00Z,2019-12-25T22:00:00Z,855.0,56,True,False,Wednesday,Wednesday,long_nonweekly_gap,duration >= 720 configured minutes outside the weekly rule; interval is within one UTC date; cause unresolved
538,2019-12-27T21:45:00Z,2019-12-29T22:00:00Z,2895.0,192,True,True,Friday,Sunday,likely_weekly_closure,duration >= 1440 configured minutes; Friday/Saturday before and Sunday/Monday after
539,2019-12-31T21:45:00Z,2020-01-01T22:00:00Z,1455.0,96,True,True,Tuesday,Wednesday,long_nonweekly_gap,duration >= 720 configured minutes outside the weekly rule; interval crosses a UTC date; cause unresolved
540,2020-01-03T21:45:00Z,2020-01-05T22:00:00Z,2895.0,192,True,True,Friday,Sunday,likely_weekly_closure,duration >= 1440 configured minutes; Friday/Saturday before and Sunday/Monday after
541,2020-01-10T21:45:00Z,2020-01-12T22:00:00Z,2895.0,192,True,True,Friday,Sunday,likely_weekly_closure,duration >= 1440 configured minutes; Friday/Saturday before and Sunday/Monday after
542,2020-01-17T21:45:00Z,2020-01-19T22:00:00Z,2895.0,192,True,True,Friday,Sunday,likely_weekly_closure,duration >= 1440 configured minutes; Friday/Saturday before and Sunday/Monday after
543,2020-01-24T21:45:00Z,2020-01-26T22:00:00Z,2895.0,192,True,True,Friday,Sunday,likely_weekly_closure,duration >= 1440 configured minutes; Friday/Saturday before and Sunday/Monday after
544,2020-01-31T21:45:00Z,2020-02-02T22:00:00Z,2895.0,192,True,True,Friday,Sunday,likely_weekly_closure,duration >= 1440 configured minutes; Friday/Saturday before and Sunday/Monday after
545,2020-02-07T21:45:00Z,2020-02-09T22:00:00Z,2895.0,192,True,True,Friday,Sunday,likely_weekly_closure,duration >= 1440 configured minutes; Friday/Saturday before and Sunday/Monday after
546,2020-02-14T21:45:00Z,2020-02-16T22:00:00Z,2895.0,192,True,True,Friday,Sunday,likely_weekly_closure,duration >= 1440 configured minutes; Friday/Saturday before and Sunday/Monday after
547,2020-02-21T21:45:00Z,2020-02-23T22:00:00Z,2895.0,192,True,True,Friday,Sunday,likely_weekly_closure,duration >= 1440 configured minutes; Friday/Saturday before and Sunday/Monday after
548,2020-02-28T21:45:00Z,2020-03-01T22:00:00Z,2895.0,192,True,True,Friday,Sunday,likely_weekly_closure,duration >= 1440 configured minutes; Friday/Saturday before and Sunday/Monday after
549,2020-03-06T21:45:00Z,2020-03-08T20:00:00Z,2775.0,184,True,True,Friday,Sunday,likely_weekly_closure,duration >= 1440 configured minutes; Friday/Saturday before and Sunday/Monday after
550,2020-03-13T19:45:00Z,2020-03-15T20:00:00Z,2895.0,192,True,True,Friday,Sunday,likely_weekly_closure,duration >= 1440 configured minutes; Friday/Saturday before and Sunday/Monday after
551,2020-03-20T19:45:00Z,2020-03-22T20:00:00Z,2895.0,192,True,True,Friday,Sunday,likely_weekly_closure,duration >= 1440 configured minutes; Friday/Saturday before and Sunday/Monday after
552,2020-03-27T19:45:00Z,2020-03-29T21:00:00Z,2955.0,196,True,True,Friday,Sunday,likely_weekly_closure,duration >= 1440 configured minutes; Friday/Saturday before and Sunday/Monday after
553,2020-03-29T22:45:00Z,2020-03-30T00:00:00Z,75.0,4,True,True,Sunday,Monday,unclassified,interval does not satisfy the configured descriptive category rules
554,2020-04-03T20:45:00Z,2020-04-05T21:00:00Z,2895.0,192,True,True,Friday,Sunday,likely_weekly_closure,duration >= 1440 configured minutes; Friday/Saturday before and Sunday/Monday after
555,2020-04-10T20:45:00Z,2020-04-12T21:00:00Z,2895.0,192,True,True,Friday,Sunday,likely_weekly_closure,duration >= 1440 configured minutes; Friday/Saturday before and Sunday/Monday after
556,2020-04-17T20:45:00Z,2020-04-19T21:00:00Z,2895.0,192,True,True,Friday,Sunday,likely_weekly_closure,duration >= 1440 configured minutes; Friday/Saturday before and Sunday/Monday after
557,2020-04-24T20:45:00Z,2020-04-26T21:00:00Z,2895.0,192,True,True,Friday,Sunday,likely_weekly_closure,duration >= 1440 configured minutes; Friday/Saturday before and Sunday/Monday after
558,2020-05-01T20:45:00Z,2020-05-03T21:00:00Z,2895.0,192,True,True,Friday,Sunday,likely_weekly_closure,duration >= 1440 configured minutes; Friday/Saturday before and Sunday/Monday after
559,2020-05-08T20:45:00Z,2020-05-10T21:00:00Z,2895.0,192,True,True,Friday,Sunday,likely_weekly_closure,duration >= 1440 configured minutes; Friday/Saturday before and Sunday/Monday after
560,2020-05-15T20:45:00Z,2020-05-17T21:00:00Z,2895.0,192,True,True,Friday,Sunday,likely_weekly_closure,duration >= 1440 configured minutes; Friday/Saturday before and Sunday/Monday after
561,2020-05-22T20:45:00Z,2020-05-24T21:00:00Z,2895.0,192,True,True,Friday,Sunday,likely_weekly_closure,duration >= 1440 configured minutes; Friday/Saturday before and Sunday/Monday after
562,2020-05-29T20:45:00Z,2020-05-31T21:00:00Z,2895.0,192,True,True,Friday,Sunday,likely_weekly_closure,duration >= 1440 configured minutes; Friday/Saturday before and Sunday/Monday after
563,2020-06-05T20:45:00Z,2020-06-07T21:00:00Z,2895.0,192,True,True,Friday,Sunday,likely_weekly_closure,duration >= 1440 configured minutes; Friday/Saturday before and Sunday/Monday after
564,2020-06-12T20:45:00Z,2020-06-14T21:00:00Z,2895.0,192,True,True,Friday,Sunday,likely_weekly_closure,duration >= 1440 configured minutes; Friday/Saturday before and Sunday/Monday after
565,2020-06-19T20:45:00Z,2020-06-21T21:00:00Z,2895.0,192,True,True,Friday,Sunday,likely_weekly_closure,duration >= 1440 configured minutes; Friday/Saturday before and Sunday/Monday after
566,2020-06-26T20:45:00Z,2020-06-28T21:00:00Z,2895.0,192,True,True,Friday,Sunday,likely_weekly_closure,duration >= 1440 configured minutes; Friday/Saturday before and Sunday/Monday after
567,2020-07-03T20:45:00Z,2020-07-05T21:00:00Z,2895.0,192,True,True,Friday,Sunday,likely_weekly_closure,duration >= 1440 configured minutes; Friday/Saturday before and Sunday/Monday after
568,2020-07-10T20:45:00Z,2020-07-12T21:00:00Z,2895.0,192,True,True,Friday,Sunday,likely_weekly_closure,duration >= 1440 configured minutes; Friday/Saturday before and Sunday/Monday after
569,2020-07-17T20:45:00Z,2020-07-19T21:00:00Z,2895.0,192,True,True,Friday,Sunday,likely_weekly_closure,duration >= 1440 configured minutes; Friday/Saturday before and Sunday/Monday after
570,2020-07-24T20:45:00Z,2020-07-26T21:00:00Z,2895.0,192,True,True,Friday,Sunday,likely_weekly_closure,duration >= 1440 configured minutes; Friday/Saturday before and Sunday/Monday after
571,2020-07-31T20:45:00Z,2020-08-02T21:00:00Z,2895.0,192,True,True,Friday,Sunday,likely_weekly_closure,duration >= 1440 configured minutes; Friday/Saturday before and Sunday/Monday after
572,2020-08-07T20:45:00Z,2020-08-09T21:00:00Z,2895.0,192,True,True,Friday,Sunday,likely_weekly_closure,duration >= 1440 configured minutes; Friday/Saturday before and Sunday/Monday after
573,2020-08-14T20:45:00Z,2020-08-16T21:00:00Z,2895.0,192,True,True,Friday,Sunday,likely_weekly_closure,duration >= 1440 configured minutes; Friday/Saturday before and Sunday/Monday after
574,2020-08-21T20:45:00Z,2020-08-23T21:00:00Z,2895.0,192,True,True,Friday,Sunday,likely_weekly_closure,duration >= 1440 configured minutes; Friday/Saturday before and Sunday/Monday after
575,2020-08-28T20:45:00Z,2020-08-30T21:00:00Z,2895.0,192,True,True,Friday,Sunday,likely_weekly_closure,duration >= 1440 configured minutes; Friday/Saturday before and Sunday/Monday after
576,2020-09-04T20:45:00Z,2020-09-06T21:00:00Z,2895.0,192,True,True,Friday,Sunday,likely_weekly_closure,duration >= 1440 configured minutes; Friday/Saturday before and Sunday/Monday after
577,2020-09-11T20:45:00Z,2020-09-13T21:00:00Z,2895.0,192,True,True,Friday,Sunday,likely_weekly_closure,duration >= 1440 configured minutes; Friday/Saturday before and Sunday/Monday after
578,2020-09-18T20:45:00Z,2020-09-20T21:00:00Z,2895.0,192,True,True,Friday,Sunday,likely_weekly_closure,duration >= 1440 configured minutes; Friday/Saturday before and Sunday/Monday after
579,2020-09-25T20:45:00Z,2020-09-27T21:00:00Z,2895.0,192,True,True,Friday,Sunday,likely_weekly_closure,duration >= 1440 configured minutes; Friday/Saturday before and Sunday/Monday after
580,2020-10-02T20:45:00Z,2020-10-04T21:00:00Z,2895.0,192,True,True,Friday,Sunday,likely_weekly_closure,duration >= 1440 configured minutes; Friday/Saturday before and Sunday/Monday after
581,2020-10-09T20:45:00Z,2020-10-11T21:00:00Z,2895.0,192,True,True,Friday,Sunday,likely_weekly_closure,duration >= 1440 configured minutes; Friday/Saturday before and Sunday/Monday after
582,2020-10-16T20:45:00Z,2020-10-18T21:00:00Z,2895.0,192,True,True,Friday,Sunday,likely_weekly_closure,duration >= 1440 configured minutes; Friday/Saturday before and Sunday/Monday after
583,2020-10-23T20:45:00Z,2020-10-25T20:00:00Z,2835.0,188,True,True,Friday,Sunday,likely_weekly_closure,duration >= 1440 configured minutes; Friday/Saturday before and Sunday/Monday after
584,2020-10-30T19:45:00Z,2020-11-01T22:00:00Z,3015.0,200,True,True,Friday,Sunday,likely_weekly_closure,duration >= 1440 configured minutes; Friday/Saturday before and Sunday/Monday after
585,2020-11-06T21:45:00Z,2020-11-08T22:00:00Z,2895.0,192,True,True,Friday,Sunday,likely_weekly_closure,duration >= 1440 configured minutes; Friday/Saturday before and Sunday/Monday after
586,2020-11-13T21:45:00Z,2020-11-15T22:00:00Z,2895.0,192,True,True,Friday,Sunday,likely_weekly_closure,duration >= 1440 configured minutes; Friday/Saturday before and Sunday/Monday after
587,2020-11-20T21:45:00Z,2020-11-22T22:00:00Z,2895.0,192,True,True,Friday,Sunday,likely_weekly_closure,duration >= 1440 configured minutes; Friday/Saturday before and Sunday/Monday after
588,2020-11-27T21:45:00Z,2020-11-29T22:00:00Z,2895.0,192,True,True,Friday,Sunday,likely_weekly_closure,duration >= 1440 configured minutes; Friday/Saturday before and Sunday/Monday after
589,2020-11-30T04:45:00Z,2020-12-01T00:00:00Z,1155.0,76,True,True,Monday,Tuesday,long_nonweekly_gap,duration >= 720 configured minutes outside the weekly rule; interval crosses a UTC date; cause unresolved
590,2020-12-04T21:45:00Z,2020-12-06T22:00:00Z,2895.0,192,True,True,Friday,Sunday,likely_weekly_closure,duration >= 1440 configured minutes; Friday/Saturday before and Sunday/Monday after
591,2020-12-11T21:45:00Z,2020-12-13T22:00:00Z,2895.0,192,True,True,Friday,Sunday,likely_weekly_closure,duration >= 1440 configured minutes; Friday/Saturday before and Sunday/Monday after
592,2020-12-18T21:45:00Z,2020-12-20T22:00:00Z,2895.0,192,True,True,Friday,Sunday,likely_weekly_closure,duration >= 1440 configured minutes; Friday/Saturday before and Sunday/Monday after
593,2020-12-24T22:00:00Z,2020-12-24T22:30:00Z,30.0,1,True,False,Thursday,Thursday,non_weekend_intraday,both endpoints are Monday-Friday; duration is below the configured large-gap threshold; interval is within one UTC date
594,2020-12-25T07:45:00Z,2020-12-27T22:00:00Z,3735.0,248,True,True,Friday,Sunday,likely_weekly_closure,duration >= 1440 configured minutes; Friday/Saturday before and Sunday/Monday after
595,2020-12-31T21:45:00Z,2021-01-03T22:00:00Z,4335.0,288,True,True,Thursday,Sunday,long_nonweekly_gap,duration >= 720 configured minutes outside the weekly rule; interval crosses a UTC date; cause unresolved
596,2021-01-08T21:45:00Z,2021-01-10T22:00:00Z,2895.0,192,True,True,Friday,Sunday,likely_weekly_closure,duration >= 1440 configured minutes; Friday/Saturday before and Sunday/Monday after
597,2021-01-15T21:45:00Z,2021-01-17T22:00:00Z,2895.0,192,True,True,Friday,Sunday,likely_weekly_closure,duration >= 1440 configured minutes; Friday/Saturday before and Sunday/Monday after
598,2021-01-22T21:45:00Z,2021-01-24T22:00:00Z,2895.0,192,True,True,Friday,Sunday,likely_weekly_closure,duration >= 1440 configured minutes; Friday/Saturday before and Sunday/Monday after
599,2021-01-29T21:45:00Z,2021-01-31T22:00:00Z,2895.0,192,True,True,Friday,Sunday,likely_weekly_closure,duration >= 1440 configured minutes; Friday/Saturday before and Sunday/Monday after
600,2021-02-05T21:45:00Z,2021-02-07T22:00:00Z,2895.0,192,True,True,Friday,Sunday,likely_weekly_closure,duration >= 1440 configured minutes; Friday/Saturday before and Sunday/Monday after
601,2021-02-12T21:45:00Z,2021-02-14T22:00:00Z,2895.0,192,True,True,Friday,Sunday,likely_weekly_closure,duration >= 1440 configured minutes; Friday/Saturday before and Sunday/Monday after
602,2021-02-19T21:45:00Z,2021-02-21T22:00:00Z,2895.0,192,True,True,Friday,Sunday,likely_weekly_closure,duration >= 1440 configured minutes; Friday/Saturday before and Sunday/Monday after
603,2021-02-26T21:45:00Z,2021-02-28T22:00:00Z,2895.0,192,True,True,Friday,Sunday,likely_weekly_closure,duration >= 1440 configured minutes; Friday/Saturday before and Sunday/Monday after
604,2021-03-05T21:45:00Z,2021-03-07T22:00:00Z,2895.0,192,True,True,Friday,Sunday,likely_weekly_closure,duration >= 1440 configured minutes; Friday/Saturday before and Sunday/Monday after
605,2021-03-12T21:45:00Z,2021-03-14T20:00:00Z,2775.0,184,True,True,Friday,Sunday,likely_weekly_closure,duration >= 1440 configured minutes; Friday/Saturday before and Sunday/Monday after
606,2021-03-19T19:45:00Z,2021-03-21T20:00:00Z,2895.0,192,True,True,Friday,Sunday,likely_weekly_closure,duration >= 1440 configured minutes; Friday/Saturday before and Sunday/Monday after
607,2021-03-26T19:45:00Z,2021-03-28T21:00:00Z,2955.0,196,True,True,Friday,Sunday,likely_weekly_closure,duration >= 1440 configured minutes; Friday/Saturday before and Sunday/Monday after
608,2021-03-28T22:45:00Z,2021-03-29T00:00:00Z,75.0,4,True,True,Sunday,Monday,unclassified,interval does not satisfy the configured descriptive category rules
609,2021-04-02T20:45:00Z,2021-04-04T21:00:00Z,2895.0,192,True,True,Friday,Sunday,likely_weekly_closure,duration >= 1440 configured minutes; Friday/Saturday before and Sunday/Monday after
610,2021-04-09T20:45:00Z,2021-04-11T21:00:00Z,2895.0,192,True,True,Friday,Sunday,likely_weekly_closure,duration >= 1440 configured minutes; Friday/Saturday before and Sunday/Monday after
611,2021-04-16T20:45:00Z,2021-04-18T21:00:00Z,2895.0,192,True,True,Friday,Sunday,likely_weekly_closure,duration >= 1440 configured minutes; Friday/Saturday before and Sunday/Monday after
612,2021-04-20T21:00:00Z,2021-04-20T21:30:00Z,30.0,1,True,False,Tuesday,Tuesday,non_weekend_intraday,both endpoints are Monday-Friday; duration is below the configured large-gap threshold; interval is within one UTC date
613,2021-04-23T20:45:00Z,2021-04-25T21:00:00Z,2895.0,192,True,True,Friday,Sunday,likely_weekly_closure,duration >= 1440 configured minutes; Friday/Saturday before and Sunday/Monday after
614,2021-04-30T20:45:00Z,2021-05-02T21:00:00Z,2895.0,192,True,True,Friday,Sunday,likely_weekly_closure,duration >= 1440 configured minutes; Friday/Saturday before and Sunday/Monday after
615,2021-05-07T20:45:00Z,2021-05-09T21:00:00Z,2895.0,192,True,True,Friday,Sunday,likely_weekly_closure,duration >= 1440 configured minutes; Friday/Saturday before and Sunday/Monday after
616,2021-05-14T20:45:00Z,2021-05-16T21:00:00Z,2895.0,192,True,True,Friday,Sunday,likely_weekly_closure,duration >= 1440 configured minutes; Friday/Saturday before and Sunday/Monday after
617,2021-05-21T20:45:00Z,2021-05-23T21:00:00Z,2895.0,192,True,True,Friday,Sunday,likely_weekly_closure,duration >= 1440 configured minutes; Friday/Saturday before and Sunday/Monday after
618,2021-05-28T20:45:00Z,2021-05-30T21:00:00Z,2895.0,192,True,True,Friday,Sunday,likely_weekly_closure,duration >= 1440 configured minutes; Friday/Saturday before and Sunday/Monday after
619,2021-05-31T03:45:00Z,2021-06-01T00:00:00Z,1215.0,80,True,True,Monday,Tuesday,long_nonweekly_gap,duration >= 720 configured minutes outside the weekly rule; interval crosses a UTC date; cause unresolved
620,2021-06-04T20:45:00Z,2021-06-06T21:00:00Z,2895.0,192,True,True,Friday,Sunday,likely_weekly_closure,duration >= 1440 configured minutes; Friday/Saturday before and Sunday/Monday after
621,2021-06-11T20:45:00Z,2021-06-13T21:00:00Z,2895.0,192,True,True,Friday,Sunday,likely_weekly_closure,duration >= 1440 configured minutes; Friday/Saturday before and Sunday/Monday after
622,2021-06-18T20:45:00Z,2021-06-20T21:00:00Z,2895.0,192,True,True,Friday,Sunday,likely_weekly_closure,duration >= 1440 configured minutes; Friday/Saturday before and Sunday/Monday after
623,2021-06-25T20:45:00Z,2021-06-27T21:00:00Z,2895.0,192,True,True,Friday,Sunday,likely_weekly_closure,duration >= 1440 configured minutes; Friday/Saturday before and Sunday/Monday after
624,2021-07-02T20:45:00Z,2021-07-04T21:00:00Z,2895.0,192,True,True,Friday,Sunday,likely_weekly_closure,duration >= 1440 configured minutes; Friday/Saturday before and Sunday/Monday after
625,2021-07-09T20:45:00Z,2021-07-11T21:00:00Z,2895.0,192,True,True,Friday,Sunday,likely_weekly_closure,duration >= 1440 configured minutes; Friday/Saturday before and Sunday/Monday after
626,2021-07-16T20:45:00Z,2021-07-18T21:00:00Z,2895.0,192,True,True,Friday,Sunday,likely_weekly_closure,duration >= 1440 configured minutes; Friday/Saturday before and Sunday/Monday after
627,2021-07-23T20:45:00Z,2021-07-25T21:00:00Z,2895.0,192,True,True,Friday,Sunday,likely_weekly_closure,duration >= 1440 configured minutes; Friday/Saturday before and Sunday/Monday after
628,2021-07-30T20:45:00Z,2021-08-01T21:00:00Z,2895.0,192,True,True,Friday,Sunday,likely_weekly_closure,duration >= 1440 configured minutes; Friday/Saturday before and Sunday/Monday after
629,2021-08-06T20:45:00Z,2021-08-08T21:00:00Z,2895.0,192,True,True,Friday,Sunday,likely_weekly_closure,duration >= 1440 configured minutes; Friday/Saturday before and Sunday/Monday after
630,2021-08-13T20:45:00Z,2021-08-15T21:00:00Z,2895.0,192,True,True,Friday,Sunday,likely_weekly_closure,duration >= 1440 configured minutes; Friday/Saturday before and Sunday/Monday after
631,2021-08-20T20:45:00Z,2021-08-22T21:00:00Z,2895.0,192,True,True,Friday,Sunday,likely_weekly_closure,duration >= 1440 configured minutes; Friday/Saturday before and Sunday/Monday after
632,2021-08-27T20:45:00Z,2021-08-29T21:00:00Z,2895.0,192,True,True,Friday,Sunday,likely_weekly_closure,duration >= 1440 configured minutes; Friday/Saturday before and Sunday/Monday after
633,2021-09-03T20:45:00Z,2021-09-05T21:00:00Z,2895.0,192,True,True,Friday,Sunday,likely_weekly_closure,duration >= 1440 configured minutes; Friday/Saturday before and Sunday/Monday after
634,2021-09-10T20:45:00Z,2021-09-12T21:00:00Z,2895.0,192,True,True,Friday,Sunday,likely_weekly_closure,duration >= 1440 configured minutes; Friday/Saturday before and Sunday/Monday after
635,2021-09-17T20:45:00Z,2021-09-19T21:00:00Z,2895.0,192,True,True,Friday,Sunday,likely_weekly_closure,duration >= 1440 configured minutes; Friday/Saturday before and Sunday/Monday after
636,2021-09-24T20:45:00Z,2021-09-26T21:00:00Z,2895.0,192,True,True,Friday,Sunday,likely_weekly_closure,duration >= 1440 configured minutes; Friday/Saturday before and Sunday/Monday after
637,2021-10-01T20:45:00Z,2021-10-03T21:00:00Z,2895.0,192,True,True,Friday,Sunday,likely_weekly_closure,duration >= 1440 configured minutes; Friday/Saturday before and Sunday/Monday after
638,2021-10-08T20:45:00Z,2021-10-10T21:00:00Z,2895.0,192,True,True,Friday,Sunday,likely_weekly_closure,duration >= 1440 configured minutes; Friday/Saturday before and Sunday/Monday after
639,2021-10-15T20:45:00Z,2021-10-17T21:00:00Z,2895.0,192,True,True,Friday,Sunday,likely_weekly_closure,duration >= 1440 configured minutes; Friday/Saturday before and Sunday/Monday after
640,2021-10-22T20:45:00Z,2021-10-24T21:00:00Z,2895.0,192,True,True,Friday,Sunday,likely_weekly_closure,duration >= 1440 configured minutes; Friday/Saturday before and Sunday/Monday after
641,2021-10-29T20:45:00Z,2021-10-31T20:00:00Z,2835.0,188,True,True,Friday,Sunday,likely_weekly_closure,duration >= 1440 configured minutes; Friday/Saturday before and Sunday/Monday after
642,2021-11-05T19:45:00Z,2021-11-07T22:00:00Z,3015.0,200,True,True,Friday,Sunday,likely_weekly_closure,duration >= 1440 configured minutes; Friday/Saturday before and Sunday/Monday after
643,2021-11-12T21:45:00Z,2021-11-14T22:00:00Z,2895.0,192,True,True,Friday,Sunday,likely_weekly_closure,duration >= 1440 configured minutes; Friday/Saturday before and Sunday/Monday after
644,2021-11-19T21:45:00Z,2021-11-21T22:00:00Z,2895.0,192,True,True,Friday,Sunday,likely_weekly_closure,duration >= 1440 configured minutes; Friday/Saturday before and Sunday/Monday after
645,2021-11-26T21:45:00Z,2021-11-28T22:00:00Z,2895.0,192,True,True,Friday,Sunday,likely_weekly_closure,duration >= 1440 configured minutes; Friday/Saturday before and Sunday/Monday after
646,2021-12-03T21:45:00Z,2021-12-05T22:00:00Z,2895.0,192,True,True,Friday,Sunday,likely_weekly_closure,duration >= 1440 configured minutes; Friday/Saturday before and Sunday/Monday after
647,2021-12-10T21:45:00Z,2021-12-12T22:00:00Z,2895.0,192,True,True,Friday,Sunday,likely_weekly_closure,duration >= 1440 configured minutes; Friday/Saturday before and Sunday/Monday after
648,2021-12-17T21:45:00Z,2021-12-19T22:00:00Z,2895.0,192,True,True,Friday,Sunday,likely_weekly_closure,duration >= 1440 configured minutes; Friday/Saturday before and Sunday/Monday after
649,2021-12-24T21:45:00Z,2021-12-26T22:00:00Z,2895.0,192,True,True,Friday,Sunday,likely_weekly_closure,duration >= 1440 configured minutes; Friday/Saturday before and Sunday/Monday after
650,2021-12-31T21:45:00Z,2022-01-02T22:00:00Z,2895.0,192,True,True,Friday,Sunday,likely_weekly_closure,duration >= 1440 configured minutes; Friday/Saturday before and Sunday/Monday after
651,2022-01-07T21:45:00Z,2022-01-09T22:00:00Z,2895.0,192,True,True,Friday,Sunday,likely_weekly_closure,duration >= 1440 configured minutes; Friday/Saturday before and Sunday/Monday after
652,2022-01-14T21:45:00Z,2022-01-16T22:00:00Z,2895.0,192,True,True,Friday,Sunday,likely_weekly_closure,duration >= 1440 configured minutes; Friday/Saturday before and Sunday/Monday after
653,2022-01-21T21:45:00Z,2022-01-23T22:00:00Z,2895.0,192,True,True,Friday,Sunday,likely_weekly_closure,duration >= 1440 configured minutes; Friday/Saturday before and Sunday/Monday after
654,2022-01-28T21:45:00Z,2022-01-30T22:00:00Z,2895.0,192,True,True,Friday,Sunday,likely_weekly_closure,duration >= 1440 configured minutes; Friday/Saturday before and Sunday/Monday after
655,2022-02-04T21:45:00Z,2022-02-06T22:00:00Z,2895.0,192,True,True,Friday,Sunday,likely_weekly_closure,duration >= 1440 configured minutes; Friday/Saturday before and Sunday/Monday after
656,2022-02-11T21:45:00Z,2022-02-13T22:00:00Z,2895.0,192,True,True,Friday,Sunday,likely_weekly_closure,duration >= 1440 configured minutes; Friday/Saturday before and Sunday/Monday after
657,2022-02-18T21:45:00Z,2022-02-20T22:00:00Z,2895.0,192,True,True,Friday,Sunday,likely_weekly_closure,duration >= 1440 configured minutes; Friday/Saturday before and Sunday/Monday after
658,2022-02-25T21:45:00Z,2022-02-27T22:00:00Z,2895.0,192,True,True,Friday,Sunday,likely_weekly_closure,duration >= 1440 configured minutes; Friday/Saturday before and Sunday/Monday after
659,2022-03-04T21:45:00Z,2022-03-06T22:00:00Z,2895.0,192,True,True,Friday,Sunday,likely_weekly_closure,duration >= 1440 configured minutes; Friday/Saturday before and Sunday/Monday after
660,2022-03-11T21:45:00Z,2022-03-13T20:00:00Z,2775.0,184,True,True,Friday,Sunday,likely_weekly_closure,duration >= 1440 configured minutes; Friday/Saturday before and Sunday/Monday after
661,2022-03-18T19:45:00Z,2022-03-20T20:00:00Z,2895.0,192,True,True,Friday,Sunday,likely_weekly_closure,duration >= 1440 configured minutes; Friday/Saturday before and Sunday/Monday after
662,2022-03-25T19:45:00Z,2022-03-27T21:00:00Z,2955.0,196,True,True,Friday,Sunday,likely_weekly_closure,duration >= 1440 configured minutes; Friday/Saturday before and Sunday/Monday after
663,2022-03-27T22:45:00Z,2022-03-28T00:00:00Z,75.0,4,True,True,Sunday,Monday,unclassified,interval does not satisfy the configured descriptive category rules
664,2022-04-01T20:45:00Z,2022-04-03T21:00:00Z,2895.0,192,True,True,Friday,Sunday,likely_weekly_closure,duration >= 1440 configured minutes; Friday/Saturday before and Sunday/Monday after
665,2022-04-08T20:45:00Z,2022-04-10T21:00:00Z,2895.0,192,True,True,Friday,Sunday,likely_weekly_closure,duration >= 1440 configured minutes; Friday/Saturday before and Sunday/Monday after
666,2022-04-15T20:45:00Z,2022-04-17T21:00:00Z,2895.0,192,True,True,Friday,Sunday,likely_weekly_closure,duration >= 1440 configured minutes; Friday/Saturday before and Sunday/Monday after
667,2022-04-22T20:45:00Z,2022-04-24T21:00:00Z,2895.0,192,True,True,Friday,Sunday,likely_weekly_closure,duration >= 1440 configured minutes; Friday/Saturday before and Sunday/Monday after
668,2022-04-29T20:45:00Z,2022-05-01T21:00:00Z,2895.0,192,True,True,Friday,Sunday,likely_weekly_closure,duration >= 1440 configured minutes; Friday/Saturday before and Sunday/Monday after
669,2022-05-06T20:45:00Z,2022-05-08T21:00:00Z,2895.0,192,True,True,Friday,Sunday,likely_weekly_closure,duration >= 1440 configured minutes; Friday/Saturday before and Sunday/Monday after
670,2022-05-13T20:45:00Z,2022-05-15T21:00:00Z,2895.0,192,True,True,Friday,Sunday,likely_weekly_closure,duration >= 1440 configured minutes; Friday/Saturday before and Sunday/Monday after
671,2022-05-20T20:45:00Z,2022-05-22T21:00:00Z,2895.0,192,True,True,Friday,Sunday,likely_weekly_closure,duration >= 1440 configured minutes; Friday/Saturday before and Sunday/Monday after
672,2022-05-27T20:45:00Z,2022-05-29T21:00:00Z,2895.0,192,True,True,Friday,Sunday,likely_weekly_closure,duration >= 1440 configured minutes; Friday/Saturday before and Sunday/Monday after
673,2022-06-03T20:45:00Z,2022-06-05T21:00:00Z,2895.0,192,True,True,Friday,Sunday,likely_weekly_closure,duration >= 1440 configured minutes; Friday/Saturday before and Sunday/Monday after
674,2022-06-10T20:45:00Z,2022-06-12T21:00:00Z,2895.0,192,True,True,Friday,Sunday,likely_weekly_closure,duration >= 1440 configured minutes; Friday/Saturday before and Sunday/Monday after
675,2022-06-17T20:45:00Z,2022-06-19T21:00:00Z,2895.0,192,True,True,Friday,Sunday,likely_weekly_closure,duration >= 1440 configured minutes; Friday/Saturday before and Sunday/Monday after
676,2022-06-24T20:45:00Z,2022-06-26T21:00:00Z,2895.0,192,True,True,Friday,Sunday,likely_weekly_closure,duration >= 1440 configured minutes; Friday/Saturday before and Sunday/Monday after
677,2022-07-01T20:45:00Z,2022-07-03T21:00:00Z,2895.0,192,True,True,Friday,Sunday,likely_weekly_closure,duration >= 1440 configured minutes; Friday/Saturday before and Sunday/Monday after
678,2022-07-08T20:45:00Z,2022-07-10T21:00:00Z,2895.0,192,True,True,Friday,Sunday,likely_weekly_closure,duration >= 1440 configured minutes; Friday/Saturday before and Sunday/Monday after
679,2022-07-15T20:45:00Z,2022-07-17T21:00:00Z,2895.0,192,True,True,Friday,Sunday,likely_weekly_closure,duration >= 1440 configured minutes; Friday/Saturday before and Sunday/Monday after
680,2022-07-22T20:45:00Z,2022-07-24T21:00:00Z,2895.0,192,True,True,Friday,Sunday,likely_weekly_closure,duration >= 1440 configured minutes; Friday/Saturday before and Sunday/Monday after
681,2022-07-29T20:45:00Z,2022-07-31T21:00:00Z,2895.0,192,True,True,Friday,Sunday,likely_weekly_closure,duration >= 1440 configured minutes; Friday/Saturday before and Sunday/Monday after
682,2022-08-05T20:45:00Z,2022-08-07T21:00:00Z,2895.0,192,True,True,Friday,Sunday,likely_weekly_closure,duration >= 1440 configured minutes; Friday/Saturday before and Sunday/Monday after
683,2022-08-12T20:45:00Z,2022-08-14T21:00:00Z,2895.0,192,True,True,Friday,Sunday,likely_weekly_closure,duration >= 1440 configured minutes; Friday/Saturday before and Sunday/Monday after
684,2022-08-19T20:45:00Z,2022-08-21T21:00:00Z,2895.0,192,True,True,Friday,Sunday,likely_weekly_closure,duration >= 1440 configured minutes; Friday/Saturday before and Sunday/Monday after
685,2022-08-26T20:45:00Z,2022-08-28T21:00:00Z,2895.0,192,True,True,Friday,Sunday,likely_weekly_closure,duration >= 1440 configured minutes; Friday/Saturday before and Sunday/Monday after
686,2022-09-02T20:45:00Z,2022-09-04T21:00:00Z,2895.0,192,True,True,Friday,Sunday,likely_weekly_closure,duration >= 1440 configured minutes; Friday/Saturday before and Sunday/Monday after
687,2022-09-09T20:45:00Z,2022-09-11T21:00:00Z,2895.0,192,True,True,Friday,Sunday,likely_weekly_closure,duration >= 1440 configured minutes; Friday/Saturday before and Sunday/Monday after
688,2022-09-16T20:45:00Z,2022-09-18T21:00:00Z,2895.0,192,True,True,Friday,Sunday,likely_weekly_closure,duration >= 1440 configured minutes; Friday/Saturday before and Sunday/Monday after
689,2022-09-23T20:45:00Z,2022-09-25T21:00:00Z,2895.0,192,True,True,Friday,Sunday,likely_weekly_closure,duration >= 1440 configured minutes; Friday/Saturday before and Sunday/Monday after
690,2022-09-30T20:45:00Z,2022-10-02T21:00:00Z,2895.0,192,True,True,Friday,Sunday,likely_weekly_closure,duration >= 1440 configured minutes; Friday/Saturday before and Sunday/Monday after
691,2022-10-07T20:45:00Z,2022-10-09T21:00:00Z,2895.0,192,True,True,Friday,Sunday,likely_weekly_closure,duration >= 1440 configured minutes; Friday/Saturday before and Sunday/Monday after
692,2022-10-14T20:45:00Z,2022-10-16T21:00:00Z,2895.0,192,True,True,Friday,Sunday,likely_weekly_closure,duration >= 1440 configured minutes; Friday/Saturday before and Sunday/Monday after
693,2022-10-21T20:45:00Z,2022-10-23T21:00:00Z,2895.0,192,True,True,Friday,Sunday,likely_weekly_closure,duration >= 1440 configured minutes; Friday/Saturday before and Sunday/Monday after
694,2022-10-28T20:45:00Z,2022-10-30T20:00:00Z,2835.0,188,True,True,Friday,Sunday,likely_weekly_closure,duration >= 1440 configured minutes; Friday/Saturday before and Sunday/Monday after
695,2022-11-04T19:45:00Z,2022-11-06T22:00:00Z,3015.0,200,True,True,Friday,Sunday,likely_weekly_closure,duration >= 1440 configured minutes; Friday/Saturday before and Sunday/Monday after
696,2022-11-11T21:45:00Z,2022-11-13T22:00:00Z,2895.0,192,True,True,Friday,Sunday,likely_weekly_closure,duration >= 1440 configured minutes; Friday/Saturday before and Sunday/Monday after
697,2022-11-18T21:45:00Z,2022-11-20T22:00:00Z,2895.0,192,True,True,Friday,Sunday,likely_weekly_closure,duration >= 1440 configured minutes; Friday/Saturday before and Sunday/Monday after
698,2022-11-25T21:45:00Z,2022-11-27T22:00:00Z,2895.0,192,True,True,Friday,Sunday,likely_weekly_closure,duration >= 1440 configured minutes; Friday/Saturday before and Sunday/Monday after
699,2022-12-02T21:45:00Z,2022-12-04T22:00:00Z,2895.0,192,True,True,Friday,Sunday,likely_weekly_closure,duration >= 1440 configured minutes; Friday/Saturday before and Sunday/Monday after
700,2022-12-09T21:45:00Z,2022-12-11T22:00:00Z,2895.0,192,True,True,Friday,Sunday,likely_weekly_closure,duration >= 1440 configured minutes; Friday/Saturday before and Sunday/Monday after
701,2022-12-16T21:45:00Z,2022-12-18T22:00:00Z,2895.0,192,True,True,Friday,Sunday,likely_weekly_closure,duration >= 1440 configured minutes; Friday/Saturday before and Sunday/Monday after
702,2022-12-23T21:45:00Z,2022-12-25T22:00:00Z,2895.0,192,True,True,Friday,Sunday,likely_weekly_closure,duration >= 1440 configured minutes; Friday/Saturday before and Sunday/Monday after
703,2022-12-30T21:45:00Z,2023-01-01T22:00:00Z,2895.0,192,True,True,Friday,Sunday,likely_weekly_closure,duration >= 1440 configured minutes; Friday/Saturday before and Sunday/Monday after
704,2023-01-06T21:45:00Z,2023-01-08T22:00:00Z,2895.0,192,True,True,Friday,Sunday,likely_weekly_closure,duration >= 1440 configured minutes; Friday/Saturday before and Sunday/Monday after
705,2023-01-13T21:45:00Z,2023-01-15T22:00:00Z,2895.0,192,True,True,Friday,Sunday,likely_weekly_closure,duration >= 1440 configured minutes; Friday/Saturday before and Sunday/Monday after
706,2023-01-20T21:45:00Z,2023-01-22T22:00:00Z,2895.0,192,True,True,Friday,Sunday,likely_weekly_closure,duration >= 1440 configured minutes; Friday/Saturday before and Sunday/Monday after
707,2023-01-27T10:45:00Z,2023-01-27T12:00:00Z,75.0,4,True,False,Friday,Friday,non_weekend_intraday,both endpoints are Monday-Friday; duration is below the configured large-gap threshold; interval is within one UTC date
708,2023-01-27T21:45:00Z,2023-01-29T22:00:00Z,2895.0,192,True,True,Friday,Sunday,likely_weekly_closure,duration >= 1440 configured minutes; Friday/Saturday before and Sunday/Monday after
709,2023-02-03T21:45:00Z,2023-02-05T22:00:00Z,2895.0,192,True,True,Friday,Sunday,likely_weekly_closure,duration >= 1440 configured minutes; Friday/Saturday before and Sunday/Monday after
710,2023-02-10T21:45:00Z,2023-02-12T22:00:00Z,2895.0,192,True,True,Friday,Sunday,likely_weekly_closure,duration >= 1440 configured minutes; Friday/Saturday before and Sunday/Monday after
711,2023-02-17T21:45:00Z,2023-02-19T22:00:00Z,2895.0,192,True,True,Friday,Sunday,likely_weekly_closure,duration >= 1440 configured minutes; Friday/Saturday before and Sunday/Monday after
712,2023-02-19T22:45:00Z,2023-02-20T00:00:00Z,75.0,4,True,True,Sunday,Monday,unclassified,interval does not satisfy the configured descriptive category rules
713,2023-02-20T10:45:00Z,2023-02-20T12:00:00Z,75.0,4,True,False,Monday,Monday,non_weekend_intraday,both endpoints are Monday-Friday; duration is below the configured large-gap threshold; interval is within one UTC date
714,2023-02-20T12:45:00Z,2023-02-20T14:00:00Z,75.0,4,True,False,Monday,Monday,non_weekend_intraday,both endpoints are Monday-Friday; duration is below the configured large-gap threshold; interval is within one UTC date
715,2023-02-20T14:45:00Z,2023-02-20T16:00:00Z,75.0,4,True,False,Monday,Monday,non_weekend_intraday,both endpoints are Monday-Friday; duration is below the configured large-gap threshold; interval is within one UTC date
716,2023-02-20T16:45:00Z,2023-02-20T18:00:00Z,75.0,4,True,False,Monday,Monday,non_weekend_intraday,both endpoints are Monday-Friday; duration is below the configured large-gap threshold; interval is within one UTC date
717,2023-02-20T18:45:00Z,2023-02-20T20:00:00Z,75.0,4,True,False,Monday,Monday,non_weekend_intraday,both endpoints are Monday-Friday; duration is below the configured large-gap threshold; interval is within one UTC date
718,2023-02-20T20:45:00Z,2023-02-20T22:00:00Z,75.0,4,True,False,Monday,Monday,non_weekend_intraday,both endpoints are Monday-Friday; duration is below the configured large-gap threshold; interval is within one UTC date
719,2023-02-20T22:45:00Z,2023-02-21T00:00:00Z,75.0,4,True,True,Monday,Tuesday,non_weekend_intraday,both endpoints are Monday-Friday; duration is below the configured large-gap threshold; interval crosses a UTC date
720,2023-02-21T09:45:00Z,2023-02-21T11:00:00Z,75.0,4,True,False,Tuesday,Tuesday,non_weekend_intraday,both endpoints are Monday-Friday; duration is below the configured large-gap threshold; interval is within one UTC date
721,2023-02-21T11:45:00Z,2023-02-21T13:00:00Z,75.0,4,True,False,Tuesday,Tuesday,non_weekend_intraday,both endpoints are Monday-Friday; duration is below the configured large-gap threshold; interval is within one UTC date
722,2023-02-21T13:45:00Z,2023-02-21T15:00:00Z,75.0,4,True,False,Tuesday,Tuesday,non_weekend_intraday,both endpoints are Monday-Friday; duration is below the configured large-gap threshold; interval is within one UTC date
723,2023-02-21T15:45:00Z,2023-02-21T17:00:00Z,75.0,4,True,False,Tuesday,Tuesday,non_weekend_intraday,both endpoints are Monday-Friday; duration is below the configured large-gap threshold; interval is within one UTC date
724,2023-02-21T17:45:00Z,2023-02-21T19:00:00Z,75.0,4,True,False,Tuesday,Tuesday,non_weekend_intraday,both endpoints are Monday-Friday; duration is below the configured large-gap threshold; interval is within one UTC date
725,2023-02-21T19:45:00Z,2023-02-21T21:00:00Z,75.0,4,True,False,Tuesday,Tuesday,non_weekend_intraday,both endpoints are Monday-Friday; duration is below the configured large-gap threshold; interval is within one UTC date
726,2023-02-21T21:45:00Z,2023-02-21T23:00:00Z,75.0,4,True,False,Tuesday,Tuesday,non_weekend_intraday,both endpoints are Monday-Friday; duration is below the configured large-gap threshold; interval is within one UTC date
727,2023-02-22T11:45:00Z,2023-02-22T13:00:00Z,75.0,4,True,False,Wednesday,Wednesday,non_weekend_intraday,both endpoints are Monday-Friday; duration is below the configured large-gap threshold; interval is within one UTC date
728,2023-02-22T13:45:00Z,2023-02-22T15:00:00Z,75.0,4,True,False,Wednesday,Wednesday,non_weekend_intraday,both endpoints are Monday-Friday; duration is below the configured large-gap threshold; interval is within one UTC date
729,2023-02-22T15:45:00Z,2023-02-22T18:00:00Z,135.0,8,True,False,Wednesday,Wednesday,non_weekend_intraday,both endpoints are Monday-Friday; duration is below the configured large-gap threshold; interval is within one UTC date
730,2023-02-22T18:45:00Z,2023-02-22T20:00:00Z,75.0,4,True,False,Wednesday,Wednesday,non_weekend_intraday,both endpoints are Monday-Friday; duration is below the configured large-gap threshold; interval is within one UTC date
731,2023-02-22T20:45:00Z,2023-02-22T22:00:00Z,75.0,4,True,False,Wednesday,Wednesday,non_weekend_intraday,both endpoints are Monday-Friday; duration is below the configured large-gap threshold; interval is within one UTC date
732,2023-02-22T22:45:00Z,2023-02-23T00:00:00Z,75.0,4,True,True,Wednesday,Thursday,non_weekend_intraday,both endpoints are Monday-Friday; duration is below the configured large-gap threshold; interval crosses a UTC date
733,2023-02-23T10:45:00Z,2023-02-23T12:00:00Z,75.0,4,True,False,Thursday,Thursday,non_weekend_intraday,both endpoints are Monday-Friday; duration is below the configured large-gap threshold; interval is within one UTC date
734,2023-02-23T12:45:00Z,2023-02-23T14:00:00Z,75.0,4,True,False,Thursday,Thursday,non_weekend_intraday,both endpoints are Monday-Friday; duration is below the configured large-gap threshold; interval is within one UTC date
735,2023-02-23T14:45:00Z,2023-02-23T16:00:00Z,75.0,4,True,False,Thursday,Thursday,non_weekend_intraday,both endpoints are Monday-Friday; duration is below the configured large-gap threshold; interval is within one UTC date
736,2023-02-23T16:45:00Z,2023-02-23T18:00:00Z,75.0,4,True,False,Thursday,Thursday,non_weekend_intraday,both endpoints are Monday-Friday; duration is below the configured large-gap threshold; interval is within one UTC date
737,2023-02-23T18:45:00Z,2023-02-23T20:00:00Z,75.0,4,True,False,Thursday,Thursday,non_weekend_intraday,both endpoints are Monday-Friday; duration is below the configured large-gap threshold; interval is within one UTC date
738,2023-02-23T20:45:00Z,2023-02-23T22:00:00Z,75.0,4,True,False,Thursday,Thursday,non_weekend_intraday,both endpoints are Monday-Friday; duration is below the configured large-gap threshold; interval is within one UTC date
739,2023-02-23T22:45:00Z,2023-02-24T00:00:00Z,75.0,4,True,True,Thursday,Friday,non_weekend_intraday,both endpoints are Monday-Friday; duration is below the configured large-gap threshold; interval crosses a UTC date
740,2023-02-24T10:45:00Z,2023-02-24T12:00:00Z,75.0,4,True,False,Friday,Friday,non_weekend_intraday,both endpoints are Monday-Friday; duration is below the configured large-gap threshold; interval is within one UTC date
741,2023-02-24T12:45:00Z,2023-02-24T14:00:00Z,75.0,4,True,False,Friday,Friday,non_weekend_intraday,both endpoints are Monday-Friday; duration is below the configured large-gap threshold; interval is within one UTC date
742,2023-02-24T14:45:00Z,2023-02-24T16:00:00Z,75.0,4,True,False,Friday,Friday,non_weekend_intraday,both endpoints are Monday-Friday; duration is below the configured large-gap threshold; interval is within one UTC date
743,2023-02-24T16:45:00Z,2023-02-24T18:00:00Z,75.0,4,True,False,Friday,Friday,non_weekend_intraday,both endpoints are Monday-Friday; duration is below the configured large-gap threshold; interval is within one UTC date
744,2023-02-24T18:45:00Z,2023-02-24T20:00:00Z,75.0,4,True,False,Friday,Friday,non_weekend_intraday,both endpoints are Monday-Friday; duration is below the configured large-gap threshold; interval is within one UTC date
745,2023-02-24T20:45:00Z,2023-02-26T22:00:00Z,2955.0,196,True,True,Friday,Sunday,likely_weekly_closure,duration >= 1440 configured minutes; Friday/Saturday before and Sunday/Monday after
746,2023-02-26T22:45:00Z,2023-02-27T00:00:00Z,75.0,4,True,True,Sunday,Monday,unclassified,interval does not satisfy the configured descriptive category rules
747,2023-02-27T10:45:00Z,2023-02-27T12:00:00Z,75.0,4,True,False,Monday,Monday,non_weekend_intraday,both endpoints are Monday-Friday; duration is below the configured large-gap threshold; interval is within one UTC date
748,2023-02-27T12:45:00Z,2023-02-27T14:00:00Z,75.0,4,True,False,Monday,Monday,non_weekend_intraday,both endpoints are Monday-Friday; duration is below the configured large-gap threshold; interval is within one UTC date
749,2023-02-27T14:45:00Z,2023-02-27T16:00:00Z,75.0,4,True,False,Monday,Monday,non_weekend_intraday,both endpoints are Monday-Friday; duration is below the configured large-gap threshold; interval is within one UTC date
750,2023-02-27T16:45:00Z,2023-02-27T18:00:00Z,75.0,4,True,False,Monday,Monday,non_weekend_intraday,both endpoints are Monday-Friday; duration is below the configured large-gap threshold; interval is within one UTC date
751,2023-02-27T18:45:00Z,2023-02-27T20:00:00Z,75.0,4,True,False,Monday,Monday,non_weekend_intraday,both endpoints are Monday-Friday; duration is below the configured large-gap threshold; interval is within one UTC date
752,2023-02-27T20:45:00Z,2023-02-27T22:00:00Z,75.0,4,True,False,Monday,Monday,non_weekend_intraday,both endpoints are Monday-Friday; duration is below the configured large-gap threshold; interval is within one UTC date
753,2023-02-27T22:45:00Z,2023-02-28T00:00:00Z,75.0,4,True,True,Monday,Tuesday,non_weekend_intraday,both endpoints are Monday-Friday; duration is below the configured large-gap threshold; interval crosses a UTC date
754,2023-02-28T10:45:00Z,2023-02-28T12:00:00Z,75.0,4,True,False,Tuesday,Tuesday,non_weekend_intraday,both endpoints are Monday-Friday; duration is below the configured large-gap threshold; interval is within one UTC date
755,2023-02-28T12:45:00Z,2023-02-28T14:00:00Z,75.0,4,True,False,Tuesday,Tuesday,non_weekend_intraday,both endpoints are Monday-Friday; duration is below the configured large-gap threshold; interval is within one UTC date
756,2023-02-28T14:45:00Z,2023-02-28T16:00:00Z,75.0,4,True,False,Tuesday,Tuesday,non_weekend_intraday,both endpoints are Monday-Friday; duration is below the configured large-gap threshold; interval is within one UTC date
757,2023-02-28T16:45:00Z,2023-02-28T18:00:00Z,75.0,4,True,False,Tuesday,Tuesday,non_weekend_intraday,both endpoints are Monday-Friday; duration is below the configured large-gap threshold; interval is within one UTC date
758,2023-02-28T18:45:00Z,2023-02-28T20:00:00Z,75.0,4,True,False,Tuesday,Tuesday,non_weekend_intraday,both endpoints are Monday-Friday; duration is below the configured large-gap threshold; interval is within one UTC date
759,2023-02-28T20:45:00Z,2023-02-28T22:00:00Z,75.0,4,True,False,Tuesday,Tuesday,non_weekend_intraday,both endpoints are Monday-Friday; duration is below the configured large-gap threshold; interval is within one UTC date
760,2023-02-28T22:45:00Z,2023-03-01T00:00:00Z,75.0,4,True,True,Tuesday,Wednesday,non_weekend_intraday,both endpoints are Monday-Friday; duration is below the configured large-gap threshold; interval crosses a UTC date
761,2023-03-01T09:45:00Z,2023-03-01T11:00:00Z,75.0,4,True,False,Wednesday,Wednesday,non_weekend_intraday,both endpoints are Monday-Friday; duration is below the configured large-gap threshold; interval is within one UTC date
762,2023-03-01T11:45:00Z,2023-03-01T13:00:00Z,75.0,4,True,False,Wednesday,Wednesday,non_weekend_intraday,both endpoints are Monday-Friday; duration is below the configured large-gap threshold; interval is within one UTC date
763,2023-03-01T13:45:00Z,2023-03-01T15:00:00Z,75.0,4,True,False,Wednesday,Wednesday,non_weekend_intraday,both endpoints are Monday-Friday; duration is below the configured large-gap threshold; interval is within one UTC date
764,2023-03-01T15:45:00Z,2023-03-01T17:00:00Z,75.0,4,True,False,Wednesday,Wednesday,non_weekend_intraday,both endpoints are Monday-Friday; duration is below the configured large-gap threshold; interval is within one UTC date
765,2023-03-01T17:45:00Z,2023-03-01T19:00:00Z,75.0,4,True,False,Wednesday,Wednesday,non_weekend_intraday,both endpoints are Monday-Friday; duration is below the configured large-gap threshold; interval is within one UTC date
766,2023-03-01T19:45:00Z,2023-03-01T21:00:00Z,75.0,4,True,False,Wednesday,Wednesday,non_weekend_intraday,both endpoints are Monday-Friday; duration is below the configured large-gap threshold; interval is within one UTC date
767,2023-03-01T21:45:00Z,2023-03-01T23:00:00Z,75.0,4,True,False,Wednesday,Wednesday,non_weekend_intraday,both endpoints are Monday-Friday; duration is below the configured large-gap threshold; interval is within one UTC date
768,2023-03-02T10:45:00Z,2023-03-02T13:00:00Z,135.0,8,True,False,Thursday,Thursday,non_weekend_intraday,both endpoints are Monday-Friday; duration is below the configured large-gap threshold; interval is within one UTC date
769,2023-03-02T13:45:00Z,2023-03-02T15:00:00Z,75.0,4,True,False,Thursday,Thursday,non_weekend_intraday,both endpoints are Monday-Friday; duration is below the configured large-gap threshold; interval is within one UTC date
770,2023-03-02T15:45:00Z,2023-03-02T17:00:00Z,75.0,4,True,False,Thursday,Thursday,non_weekend_intraday,both endpoints are Monday-Friday; duration is below the configured large-gap threshold; interval is within one UTC date
771,2023-03-02T18:45:00Z,2023-03-02T21:00:00Z,135.0,8,True,False,Thursday,Thursday,non_weekend_intraday,both endpoints are Monday-Friday; duration is below the configured large-gap threshold; interval is within one UTC date
772,2023-03-02T22:45:00Z,2023-03-03T00:00:00Z,75.0,4,True,True,Thursday,Friday,non_weekend_intraday,both endpoints are Monday-Friday; duration is below the configured large-gap threshold; interval crosses a UTC date
773,2023-03-03T10:45:00Z,2023-03-03T12:00:00Z,75.0,4,True,False,Friday,Friday,non_weekend_intraday,both endpoints are Monday-Friday; duration is below the configured large-gap threshold; interval is within one UTC date
774,2023-03-03T12:45:00Z,2023-03-03T14:00:00Z,75.0,4,True,False,Friday,Friday,non_weekend_intraday,both endpoints are Monday-Friday; duration is below the configured large-gap threshold; interval is within one UTC date
775,2023-03-03T14:45:00Z,2023-03-03T16:00:00Z,75.0,4,True,False,Friday,Friday,non_weekend_intraday,both endpoints are Monday-Friday; duration is below the configured large-gap threshold; interval is within one UTC date
776,2023-03-03T16:45:00Z,2023-03-03T18:00:00Z,75.0,4,True,False,Friday,Friday,non_weekend_intraday,both endpoints are Monday-Friday; duration is below the configured large-gap threshold; interval is within one UTC date
777,2023-03-03T18:45:00Z,2023-03-03T20:00:00Z,75.0,4,True,False,Friday,Friday,non_weekend_intraday,both endpoints are Monday-Friday; duration is below the configured large-gap threshold; interval is within one UTC date
778,2023-03-03T20:45:00Z,2023-03-05T23:00:00Z,3015.0,200,True,True,Friday,Sunday,likely_weekly_closure,duration >= 1440 configured minutes; Friday/Saturday before and Sunday/Monday after
779,2023-03-06T09:45:00Z,2023-03-06T11:00:00Z,75.0,4,True,False,Monday,Monday,non_weekend_intraday,both endpoints are Monday-Friday; duration is below the configured large-gap threshold; interval is within one UTC date
780,2023-03-06T12:45:00Z,2023-03-06T15:00:00Z,135.0,8,True,False,Monday,Monday,non_weekend_intraday,both endpoints are Monday-Friday; duration is below the configured large-gap threshold; interval is within one UTC date
781,2023-03-06T15:45:00Z,2023-03-06T17:00:00Z,75.0,4,True,False,Monday,Monday,non_weekend_intraday,both endpoints are Monday-Friday; duration is below the configured large-gap threshold; interval is within one UTC date
782,2023-03-06T17:45:00Z,2023-03-06T19:00:00Z,75.0,4,True,False,Monday,Monday,non_weekend_intraday,both endpoints are Monday-Friday; duration is below the configured large-gap threshold; interval is within one UTC date
783,2023-03-06T19:45:00Z,2023-03-06T21:00:00Z,75.0,4,True,False,Monday,Monday,non_weekend_intraday,both endpoints are Monday-Friday; duration is below the configured large-gap threshold; interval is within one UTC date
784,2023-03-06T21:45:00Z,2023-03-06T23:00:00Z,75.0,4,True,False,Monday,Monday,non_weekend_intraday,both endpoints are Monday-Friday; duration is below the configured large-gap threshold; interval is within one UTC date
785,2023-03-07T10:45:00Z,2023-03-07T13:00:00Z,135.0,8,True,False,Tuesday,Tuesday,non_weekend_intraday,both endpoints are Monday-Friday; duration is below the configured large-gap threshold; interval is within one UTC date
786,2023-03-07T14:45:00Z,2023-03-07T17:00:00Z,135.0,8,True,False,Tuesday,Tuesday,non_weekend_intraday,both endpoints are Monday-Friday; duration is below the configured large-gap threshold; interval is within one UTC date
787,2023-03-07T18:45:00Z,2023-03-07T21:00:00Z,135.0,8,True,False,Tuesday,Tuesday,non_weekend_intraday,both endpoints are Monday-Friday; duration is below the configured large-gap threshold; interval is within one UTC date
788,2023-03-07T22:45:00Z,2023-03-08T00:00:00Z,75.0,4,True,True,Tuesday,Wednesday,non_weekend_intraday,both endpoints are Monday-Friday; duration is below the configured large-gap threshold; interval crosses a UTC date
789,2023-03-08T09:45:00Z,2023-03-08T11:00:00Z,75.0,4,True,False,Wednesday,Wednesday,non_weekend_intraday,both endpoints are Monday-Friday; duration is below the configured large-gap threshold; interval is within one UTC date
790,2023-03-08T11:45:00Z,2023-03-08T13:00:00Z,75.0,4,True,False,Wednesday,Wednesday,non_weekend_intraday,both endpoints are Monday-Friday; duration is below the configured large-gap threshold; interval is within one UTC date
791,2023-03-08T14:45:00Z,2023-03-08T17:00:00Z,135.0,8,True,False,Wednesday,Wednesday,non_weekend_intraday,both endpoints are Monday-Friday; duration is below the configured large-gap threshold; interval is within one UTC date
792,2023-03-08T17:45:00Z,2023-03-08T19:00:00Z,75.0,4,True,False,Wednesday,Wednesday,non_weekend_intraday,both endpoints are Monday-Friday; duration is below the configured large-gap threshold; interval is within one UTC date
793,2023-03-08T19:45:00Z,2023-03-08T21:00:00Z,75.0,4,True,False,Wednesday,Wednesday,non_weekend_intraday,both endpoints are Monday-Friday; duration is below the configured large-gap threshold; interval is within one UTC date
794,2023-03-08T22:45:00Z,2023-03-09T00:00:00Z,75.0,4,True,True,Wednesday,Thursday,non_weekend_intraday,both endpoints are Monday-Friday; duration is below the configured large-gap threshold; interval crosses a UTC date
795,2023-03-09T09:45:00Z,2023-03-09T11:00:00Z,75.0,4,True,False,Thursday,Thursday,non_weekend_intraday,both endpoints are Monday-Friday; duration is below the configured large-gap threshold; interval is within one UTC date
796,2023-03-09T11:45:00Z,2023-03-09T13:00:00Z,75.0,4,True,False,Thursday,Thursday,non_weekend_intraday,both endpoints are Monday-Friday; duration is below the configured large-gap threshold; interval is within one UTC date
797,2023-03-09T14:45:00Z,2023-03-09T16:00:00Z,75.0,4,True,False,Thursday,Thursday,non_weekend_intraday,both endpoints are Monday-Friday; duration is below the configured large-gap threshold; interval is within one UTC date
798,2023-03-09T16:45:00Z,2023-03-09T18:00:00Z,75.0,4,True,False,Thursday,Thursday,non_weekend_intraday,both endpoints are Monday-Friday; duration is below the configured large-gap threshold; interval is within one UTC date
799,2023-03-09T18:45:00Z,2023-03-09T21:00:00Z,135.0,8,True,False,Thursday,Thursday,non_weekend_intraday,both endpoints are Monday-Friday; duration is below the configured large-gap threshold; interval is within one UTC date
800,2023-03-09T21:45:00Z,2023-03-09T23:00:00Z,75.0,4,True,False,Thursday,Thursday,non_weekend_intraday,both endpoints are Monday-Friday; duration is below the configured large-gap threshold; interval is within one UTC date
801,2023-03-10T10:45:00Z,2023-03-10T12:00:00Z,75.0,4,True,False,Friday,Friday,non_weekend_intraday,both endpoints are Monday-Friday; duration is below the configured large-gap threshold; interval is within one UTC date
802,2023-03-10T12:45:00Z,2023-03-10T14:00:00Z,75.0,4,True,False,Friday,Friday,non_weekend_intraday,both endpoints are Monday-Friday; duration is below the configured large-gap threshold; interval is within one UTC date
803,2023-03-10T14:45:00Z,2023-03-10T16:00:00Z,75.0,4,True,False,Friday,Friday,non_weekend_intraday,both endpoints are Monday-Friday; duration is below the configured large-gap threshold; interval is within one UTC date
804,2023-03-10T16:45:00Z,2023-03-10T18:00:00Z,75.0,4,True,False,Friday,Friday,non_weekend_intraday,both endpoints are Monday-Friday; duration is below the configured large-gap threshold; interval is within one UTC date
805,2023-03-10T18:45:00Z,2023-03-10T20:00:00Z,75.0,4,True,False,Friday,Friday,non_weekend_intraday,both endpoints are Monday-Friday; duration is below the configured large-gap threshold; interval is within one UTC date
806,2023-03-10T20:45:00Z,2023-03-12T20:00:00Z,2835.0,188,True,True,Friday,Sunday,likely_weekly_closure,duration >= 1440 configured minutes; Friday/Saturday before and Sunday/Monday after
807,2023-03-12T20:45:00Z,2023-03-12T23:00:00Z,135.0,8,True,False,Sunday,Sunday,unclassified,interval does not satisfy the configured descriptive category rules
808,2023-03-13T09:45:00Z,2023-03-13T11:00:00Z,75.0,4,True,False,Monday,Monday,non_weekend_intraday,both endpoints are Monday-Friday; duration is below the configured large-gap threshold; interval is within one UTC date
809,2023-03-13T11:45:00Z,2023-03-13T14:00:00Z,135.0,8,True,False,Monday,Monday,non_weekend_intraday,both endpoints are Monday-Friday; duration is below the configured large-gap threshold; interval is within one UTC date
810,2023-03-13T15:45:00Z,2023-03-13T18:00:00Z,135.0,8,True,False,Monday,Monday,non_weekend_intraday,both endpoints are Monday-Friday; duration is below the configured large-gap threshold; interval is within one UTC date
811,2023-03-13T19:45:00Z,2023-03-13T22:00:00Z,135.0,8,True,False,Monday,Monday,non_weekend_intraday,both endpoints are Monday-Friday; duration is below the configured large-gap threshold; interval is within one UTC date
812,2023-03-14T08:45:00Z,2023-03-14T10:00:00Z,75.0,4,True,False,Tuesday,Tuesday,non_weekend_intraday,both endpoints are Monday-Friday; duration is below the configured large-gap threshold; interval is within one UTC date
813,2023-03-14T12:45:00Z,2023-03-14T15:00:00Z,135.0,8,True,False,Tuesday,Tuesday,non_weekend_intraday,both endpoints are Monday-Friday; duration is below the configured large-gap threshold; interval is within one UTC date
814,2023-03-14T15:45:00Z,2023-03-14T18:00:00Z,135.0,8,True,False,Tuesday,Tuesday,non_weekend_intraday,both endpoints are Monday-Friday; duration is below the configured large-gap threshold; interval is within one UTC date
815,2023-03-14T18:45:00Z,2023-03-14T20:00:00Z,75.0,4,True,False,Tuesday,Tuesday,non_weekend_intraday,both endpoints are Monday-Friday; duration is below the configured large-gap threshold; interval is within one UTC date
816,2023-03-14T20:45:00Z,2023-03-14T22:00:00Z,75.0,4,True,False,Tuesday,Tuesday,non_weekend_intraday,both endpoints are Monday-Friday; duration is below the configured large-gap threshold; interval is within one UTC date
817,2023-03-15T09:45:00Z,2023-03-15T12:00:00Z,135.0,8,True,False,Wednesday,Wednesday,non_weekend_intraday,both endpoints are Monday-Friday; duration is below the configured large-gap threshold; interval is within one UTC date
818,2023-03-15T12:45:00Z,2023-03-15T14:00:00Z,75.0,4,True,False,Wednesday,Wednesday,non_weekend_intraday,both endpoints are Monday-Friday; duration is below the configured large-gap threshold; interval is within one UTC date
819,2023-03-15T14:45:00Z,2023-03-15T16:00:00Z,75.0,4,True,False,Wednesday,Wednesday,non_weekend_intraday,both endpoints are Monday-Friday; duration is below the configured large-gap threshold; interval is within one UTC date
820,2023-03-15T16:45:00Z,2023-03-15T18:00:00Z,75.0,4,True,False,Wednesday,Wednesday,non_weekend_intraday,both endpoints are Monday-Friday; duration is below the configured large-gap threshold; interval is within one UTC date
821,2023-03-15T18:45:00Z,2023-03-15T20:00:00Z,75.0,4,True,False,Wednesday,Wednesday,non_weekend_intraday,both endpoints are Monday-Friday; duration is below the configured large-gap threshold; interval is within one UTC date
822,2023-03-15T21:45:00Z,2023-03-15T23:00:00Z,75.0,4,True,False,Wednesday,Wednesday,non_weekend_intraday,both endpoints are Monday-Friday; duration is below the configured large-gap threshold; interval is within one UTC date
823,2023-03-16T09:45:00Z,2023-03-16T11:00:00Z,75.0,4,True,False,Thursday,Thursday,non_weekend_intraday,both endpoints are Monday-Friday; duration is below the configured large-gap threshold; interval is within one UTC date
824,2023-03-16T11:45:00Z,2023-03-16T13:00:00Z,75.0,4,True,False,Thursday,Thursday,non_weekend_intraday,both endpoints are Monday-Friday; duration is below the configured large-gap threshold; interval is within one UTC date
825,2023-03-16T13:45:00Z,2023-03-16T15:00:00Z,75.0,4,True,False,Thursday,Thursday,non_weekend_intraday,both endpoints are Monday-Friday; duration is below the configured large-gap threshold; interval is within one UTC date
826,2023-03-16T16:45:00Z,2023-03-16T19:00:00Z,135.0,8,True,False,Thursday,Thursday,non_weekend_intraday,both endpoints are Monday-Friday; duration is below the configured large-gap threshold; interval is within one UTC date
827,2023-03-16T19:45:00Z,2023-03-16T21:00:00Z,75.0,4,True,False,Thursday,Thursday,non_weekend_intraday,both endpoints are Monday-Friday; duration is below the configured large-gap threshold; interval is within one UTC date
828,2023-03-16T21:45:00Z,2023-03-16T23:00:00Z,75.0,4,True,False,Thursday,Thursday,non_weekend_intraday,both endpoints are Monday-Friday; duration is below the configured large-gap threshold; interval is within one UTC date
829,2023-03-17T09:45:00Z,2023-03-17T11:00:00Z,75.0,4,True,False,Friday,Friday,non_weekend_intraday,both endpoints are Monday-Friday; duration is below the configured large-gap threshold; interval is within one UTC date
830,2023-03-17T11:45:00Z,2023-03-17T13:00:00Z,75.0,4,True,False,Friday,Friday,non_weekend_intraday,both endpoints are Monday-Friday; duration is below the configured large-gap threshold; interval is within one UTC date
831,2023-03-17T13:45:00Z,2023-03-17T15:00:00Z,75.0,4,True,False,Friday,Friday,non_weekend_intraday,both endpoints are Monday-Friday; duration is below the configured large-gap threshold; interval is within one UTC date
832,2023-03-17T15:45:00Z,2023-03-17T17:00:00Z,75.0,4,True,False,Friday,Friday,non_weekend_intraday,both endpoints are Monday-Friday; duration is below the configured large-gap threshold; interval is within one UTC date
833,2023-03-17T17:45:00Z,2023-03-17T19:00:00Z,75.0,4,True,False,Friday,Friday,non_weekend_intraday,both endpoints are Monday-Friday; duration is below the configured large-gap threshold; interval is within one UTC date
834,2023-03-17T19:45:00Z,2023-03-19T21:00:00Z,2955.0,196,True,True,Friday,Sunday,likely_weekly_closure,duration >= 1440 configured minutes; Friday/Saturday before and Sunday/Monday after
835,2023-03-19T21:45:00Z,2023-03-19T23:00:00Z,75.0,4,True,False,Sunday,Sunday,unclassified,interval does not satisfy the configured descriptive category rules
836,2023-03-20T09:45:00Z,2023-03-20T11:00:00Z,75.0,4,True,False,Monday,Monday,non_weekend_intraday,both endpoints are Monday-Friday; duration is below the configured large-gap threshold; interval is within one UTC date
837,2023-03-20T11:45:00Z,2023-03-20T13:00:00Z,75.0,4,True,False,Monday,Monday,non_weekend_intraday,both endpoints are Monday-Friday; duration is below the configured large-gap threshold; interval is within one UTC date
838,2023-03-20T13:45:00Z,2023-03-20T15:00:00Z,75.0,4,True,False,Monday,Monday,non_weekend_intraday,both endpoints are Monday-Friday; duration is below the configured large-gap threshold; interval is within one UTC date
839,2023-03-20T15:45:00Z,2023-03-20T17:00:00Z,75.0,4,True,False,Monday,Monday,non_weekend_intraday,both endpoints are Monday-Friday; duration is below the configured large-gap threshold; interval is within one UTC date
840,2023-03-20T17:45:00Z,2023-03-20T19:00:00Z,75.0,4,True,False,Monday,Monday,non_weekend_intraday,both endpoints are Monday-Friday; duration is below the configured large-gap threshold; interval is within one UTC date
841,2023-03-20T19:45:00Z,2023-03-20T21:00:00Z,75.0,4,True,False,Monday,Monday,non_weekend_intraday,both endpoints are Monday-Friday; duration is below the configured large-gap threshold; interval is within one UTC date
842,2023-03-20T21:45:00Z,2023-03-20T23:00:00Z,75.0,4,True,False,Monday,Monday,non_weekend_intraday,both endpoints are Monday-Friday; duration is below the configured large-gap threshold; interval is within one UTC date
843,2023-03-21T09:45:00Z,2023-03-21T11:00:00Z,75.0,4,True,False,Tuesday,Tuesday,non_weekend_intraday,both endpoints are Monday-Friday; duration is below the configured large-gap threshold; interval is within one UTC date
844,2023-03-21T11:45:00Z,2023-03-21T13:00:00Z,75.0,4,True,False,Tuesday,Tuesday,non_weekend_intraday,both endpoints are Monday-Friday; duration is below the configured large-gap threshold; interval is within one UTC date
845,2023-03-21T13:45:00Z,2023-03-21T15:00:00Z,75.0,4,True,False,Tuesday,Tuesday,non_weekend_intraday,both endpoints are Monday-Friday; duration is below the configured large-gap threshold; interval is within one UTC date
846,2023-03-21T15:45:00Z,2023-03-21T17:00:00Z,75.0,4,True,False,Tuesday,Tuesday,non_weekend_intraday,both endpoints are Monday-Friday; duration is below the configured large-gap threshold; interval is within one UTC date
847,2023-03-21T17:45:00Z,2023-03-21T19:00:00Z,75.0,4,True,False,Tuesday,Tuesday,non_weekend_intraday,both endpoints are Monday-Friday; duration is below the configured large-gap threshold; interval is within one UTC date
848,2023-03-21T19:45:00Z,2023-03-21T21:00:00Z,75.0,4,True,False,Tuesday,Tuesday,non_weekend_intraday,both endpoints are Monday-Friday; duration is below the configured large-gap threshold; interval is within one UTC date
849,2023-03-21T21:45:00Z,2023-03-21T23:00:00Z,75.0,4,True,False,Tuesday,Tuesday,non_weekend_intraday,both endpoints are Monday-Friday; duration is below the configured large-gap threshold; interval is within one UTC date
850,2023-03-22T08:45:00Z,2023-03-22T10:00:00Z,75.0,4,True,False,Wednesday,Wednesday,non_weekend_intraday,both endpoints are Monday-Friday; duration is below the configured large-gap threshold; interval is within one UTC date
851,2023-03-22T10:45:00Z,2023-03-22T12:00:00Z,75.0,4,True,False,Wednesday,Wednesday,non_weekend_intraday,both endpoints are Monday-Friday; duration is below the configured large-gap threshold; interval is within one UTC date
852,2023-03-22T12:45:00Z,2023-03-22T14:00:00Z,75.0,4,True,False,Wednesday,Wednesday,non_weekend_intraday,both endpoints are Monday-Friday; duration is below the configured large-gap threshold; interval is within one UTC date
853,2023-03-22T14:45:00Z,2023-03-22T16:00:00Z,75.0,4,True,False,Wednesday,Wednesday,non_weekend_intraday,both endpoints are Monday-Friday; duration is below the configured large-gap threshold; interval is within one UTC date
854,2023-03-22T16:45:00Z,2023-03-22T18:00:00Z,75.0,4,True,False,Wednesday,Wednesday,non_weekend_intraday,both endpoints are Monday-Friday; duration is below the configured large-gap threshold; interval is within one UTC date
855,2023-03-22T18:45:00Z,2023-03-22T20:00:00Z,75.0,4,True,False,Wednesday,Wednesday,non_weekend_intraday,both endpoints are Monday-Friday; duration is below the configured large-gap threshold; interval is within one UTC date
856,2023-03-22T20:45:00Z,2023-03-22T22:00:00Z,75.0,4,True,False,Wednesday,Wednesday,non_weekend_intraday,both endpoints are Monday-Friday; duration is below the configured large-gap threshold; interval is within one UTC date
857,2023-03-23T08:45:00Z,2023-03-23T10:00:00Z,75.0,4,True,False,Thursday,Thursday,non_weekend_intraday,both endpoints are Monday-Friday; duration is below the configured large-gap threshold; interval is within one UTC date
858,2023-03-23T10:45:00Z,2023-03-23T12:00:00Z,75.0,4,True,False,Thursday,Thursday,non_weekend_intraday,both endpoints are Monday-Friday; duration is below the configured large-gap threshold; interval is within one UTC date
859,2023-03-23T12:45:00Z,2023-03-23T14:00:00Z,75.0,4,True,False,Thursday,Thursday,non_weekend_intraday,both endpoints are Monday-Friday; duration is below the configured large-gap threshold; interval is within one UTC date
860,2023-03-23T14:45:00Z,2023-03-23T16:00:00Z,75.0,4,True,False,Thursday,Thursday,non_weekend_intraday,both endpoints are Monday-Friday; duration is below the configured large-gap threshold; interval is within one UTC date
861,2023-03-23T18:45:00Z,2023-03-23T22:00:00Z,195.0,12,True,False,Thursday,Thursday,non_weekend_intraday,both endpoints are Monday-Friday; duration is below the configured large-gap threshold; interval is within one UTC date
862,2023-03-24T08:45:00Z,2023-03-24T10:00:00Z,75.0,4,True,False,Friday,Friday,non_weekend_intraday,both endpoints are Monday-Friday; duration is below the configured large-gap threshold; interval is within one UTC date
863,2023-03-24T11:45:00Z,2023-03-24T14:00:00Z,135.0,8,True,False,Friday,Friday,non_weekend_intraday,both endpoints are Monday-Friday; duration is below the configured large-gap threshold; interval is within one UTC date
864,2023-03-24T14:45:00Z,2023-03-24T16:00:00Z,75.0,4,True,False,Friday,Friday,non_weekend_intraday,both endpoints are Monday-Friday; duration is below the configured large-gap threshold; interval is within one UTC date
865,2023-03-24T16:45:00Z,2023-03-24T18:00:00Z,75.0,4,True,False,Friday,Friday,non_weekend_intraday,both endpoints are Monday-Friday; duration is below the configured large-gap threshold; interval is within one UTC date
866,2023-03-24T18:45:00Z,2023-03-26T21:00:00Z,3015.0,200,True,True,Friday,Sunday,likely_weekly_closure,duration >= 1440 configured minutes; Friday/Saturday before and Sunday/Monday after
867,2023-03-26T22:45:00Z,2023-03-27T00:00:00Z,75.0,4,True,True,Sunday,Monday,unclassified,interval does not satisfy the configured descriptive category rules
868,2023-03-27T10:45:00Z,2023-03-27T13:00:00Z,135.0,8,True,False,Monday,Monday,non_weekend_intraday,both endpoints are Monday-Friday; duration is below the configured large-gap threshold; interval is within one UTC date
869,2023-03-27T14:45:00Z,2023-03-27T16:00:00Z,75.0,4,True,False,Monday,Monday,non_weekend_intraday,both endpoints are Monday-Friday; duration is below the configured large-gap threshold; interval is within one UTC date
870,2023-03-27T16:45:00Z,2023-03-27T18:00:00Z,75.0,4,True,False,Monday,Monday,non_weekend_intraday,both endpoints are Monday-Friday; duration is below the configured large-gap threshold; interval is within one UTC date
871,2023-03-27T18:45:00Z,2023-03-27T21:00:00Z,135.0,8,True,False,Monday,Monday,non_weekend_intraday,both endpoints are Monday-Friday; duration is below the configured large-gap threshold; interval is within one UTC date
872,2023-03-27T21:45:00Z,2023-03-27T23:00:00Z,75.0,4,True,False,Monday,Monday,non_weekend_intraday,both endpoints are Monday-Friday; duration is below the configured large-gap threshold; interval is within one UTC date
873,2023-03-28T09:45:00Z,2023-03-28T11:00:00Z,75.0,4,True,False,Tuesday,Tuesday,non_weekend_intraday,both endpoints are Monday-Friday; duration is below the configured large-gap threshold; interval is within one UTC date
874,2023-03-28T11:45:00Z,2023-03-28T13:00:00Z,75.0,4,True,False,Tuesday,Tuesday,non_weekend_intraday,both endpoints are Monday-Friday; duration is below the configured large-gap threshold; interval is within one UTC date
875,2023-03-28T13:45:00Z,2023-03-28T15:00:00Z,75.0,4,True,False,Tuesday,Tuesday,non_weekend_intraday,both endpoints are Monday-Friday; duration is below the configured large-gap threshold; interval is within one UTC date
876,2023-03-28T15:45:00Z,2023-03-28T17:00:00Z,75.0,4,True,False,Tuesday,Tuesday,non_weekend_intraday,both endpoints are Monday-Friday; duration is below the configured large-gap threshold; interval is within one UTC date
877,2023-03-28T17:45:00Z,2023-03-28T19:00:00Z,75.0,4,True,False,Tuesday,Tuesday,non_weekend_intraday,both endpoints are Monday-Friday; duration is below the configured large-gap threshold; interval is within one UTC date
878,2023-03-28T19:45:00Z,2023-03-28T21:00:00Z,75.0,4,True,False,Tuesday,Tuesday,non_weekend_intraday,both endpoints are Monday-Friday; duration is below the configured large-gap threshold; interval is within one UTC date
879,2023-03-28T21:45:00Z,2023-03-28T23:00:00Z,75.0,4,True,False,Tuesday,Tuesday,non_weekend_intraday,both endpoints are Monday-Friday; duration is below the configured large-gap threshold; interval is within one UTC date
880,2023-03-29T09:45:00Z,2023-03-29T11:00:00Z,75.0,4,True,False,Wednesday,Wednesday,non_weekend_intraday,both endpoints are Monday-Friday; duration is below the configured large-gap threshold; interval is within one UTC date
881,2023-03-29T11:45:00Z,2023-03-29T13:00:00Z,75.0,4,True,False,Wednesday,Wednesday,non_weekend_intraday,both endpoints are Monday-Friday; duration is below the configured large-gap threshold; interval is within one UTC date
882,2023-03-29T13:45:00Z,2023-03-29T15:00:00Z,75.0,4,True,False,Wednesday,Wednesday,non_weekend_intraday,both endpoints are Monday-Friday; duration is below the configured large-gap threshold; interval is within one UTC date
883,2023-03-29T15:45:00Z,2023-03-29T17:00:00Z,75.0,4,True,False,Wednesday,Wednesday,non_weekend_intraday,both endpoints are Monday-Friday; duration is below the configured large-gap threshold; interval is within one UTC date
884,2023-03-29T17:45:00Z,2023-03-29T19:00:00Z,75.0,4,True,False,Wednesday,Wednesday,non_weekend_intraday,both endpoints are Monday-Friday; duration is below the configured large-gap threshold; interval is within one UTC date
885,2023-03-29T19:45:00Z,2023-03-29T21:00:00Z,75.0,4,True,False,Wednesday,Wednesday,non_weekend_intraday,both endpoints are Monday-Friday; duration is below the configured large-gap threshold; interval is within one UTC date
886,2023-03-29T21:45:00Z,2023-03-29T23:00:00Z,75.0,4,True,False,Wednesday,Wednesday,non_weekend_intraday,both endpoints are Monday-Friday; duration is below the configured large-gap threshold; interval is within one UTC date
887,2023-03-30T09:45:00Z,2023-03-30T11:00:00Z,75.0,4,True,False,Thursday,Thursday,non_weekend_intraday,both endpoints are Monday-Friday; duration is below the configured large-gap threshold; interval is within one UTC date
888,2023-03-30T11:45:00Z,2023-03-30T13:00:00Z,75.0,4,True,False,Thursday,Thursday,non_weekend_intraday,both endpoints are Monday-Friday; duration is below the configured large-gap threshold; interval is within one UTC date
889,2023-03-30T13:45:00Z,2023-03-30T15:00:00Z,75.0,4,True,False,Thursday,Thursday,non_weekend_intraday,both endpoints are Monday-Friday; duration is below the configured large-gap threshold; interval is within one UTC date
890,2023-03-30T15:45:00Z,2023-03-30T17:00:00Z,75.0,4,True,False,Thursday,Thursday,non_weekend_intraday,both endpoints are Monday-Friday; duration is below the configured large-gap threshold; interval is within one UTC date
891,2023-03-30T17:45:00Z,2023-03-30T19:00:00Z,75.0,4,True,False,Thursday,Thursday,non_weekend_intraday,both endpoints are Monday-Friday; duration is below the configured large-gap threshold; interval is within one UTC date
892,2023-03-30T19:45:00Z,2023-03-30T21:00:00Z,75.0,4,True,False,Thursday,Thursday,non_weekend_intraday,both endpoints are Monday-Friday; duration is below the configured large-gap threshold; interval is within one UTC date
893,2023-03-30T21:45:00Z,2023-03-30T23:00:00Z,75.0,4,True,False,Thursday,Thursday,non_weekend_intraday,both endpoints are Monday-Friday; duration is below the configured large-gap threshold; interval is within one UTC date
894,2023-03-31T10:45:00Z,2023-03-31T12:00:00Z,75.0,4,True,False,Friday,Friday,non_weekend_intraday,both endpoints are Monday-Friday; duration is below the configured large-gap threshold; interval is within one UTC date
895,2023-03-31T12:45:00Z,2023-03-31T14:00:00Z,75.0,4,True,False,Friday,Friday,non_weekend_intraday,both endpoints are Monday-Friday; duration is below the configured large-gap threshold; interval is within one UTC date
896,2023-03-31T14:45:00Z,2023-03-31T16:00:00Z,75.0,4,True,False,Friday,Friday,non_weekend_intraday,both endpoints are Monday-Friday; duration is below the configured large-gap threshold; interval is within one UTC date
897,2023-03-31T16:45:00Z,2023-03-31T18:00:00Z,75.0,4,True,False,Friday,Friday,non_weekend_intraday,both endpoints are Monday-Friday; duration is below the configured large-gap threshold; interval is within one UTC date
898,2023-03-31T18:45:00Z,2023-03-31T20:00:00Z,75.0,4,True,False,Friday,Friday,non_weekend_intraday,both endpoints are Monday-Friday; duration is below the configured large-gap threshold; interval is within one UTC date
899,2023-03-31T20:45:00Z,2023-04-02T21:00:00Z,2895.0,192,True,True,Friday,Sunday,likely_weekly_closure,duration >= 1440 configured minutes; Friday/Saturday before and Sunday/Monday after
900,2023-04-02T21:45:00Z,2023-04-02T23:00:00Z,75.0,4,True,False,Sunday,Sunday,unclassified,interval does not satisfy the configured descriptive category rules
901,2023-04-03T11:45:00Z,2023-04-03T15:00:00Z,195.0,12,True,False,Monday,Monday,non_weekend_intraday,both endpoints are Monday-Friday; duration is below the configured large-gap threshold; interval is within one UTC date
902,2023-04-03T16:45:00Z,2023-04-03T19:00:00Z,135.0,8,True,False,Monday,Monday,non_weekend_intraday,both endpoints are Monday-Friday; duration is below the configured large-gap threshold; interval is within one UTC date
903,2023-04-03T20:45:00Z,2023-04-03T23:00:00Z,135.0,8,True,False,Monday,Monday,non_weekend_intraday,both endpoints are Monday-Friday; duration is below the configured large-gap threshold; interval is within one UTC date
904,2023-04-04T10:45:00Z,2023-04-04T12:00:00Z,75.0,4,True,False,Tuesday,Tuesday,non_weekend_intraday,both endpoints are Monday-Friday; duration is below the configured large-gap threshold; interval is within one UTC date
905,2023-04-04T12:45:00Z,2023-04-04T15:00:00Z,135.0,8,True,False,Tuesday,Tuesday,non_weekend_intraday,both endpoints are Monday-Friday; duration is below the configured large-gap threshold; interval is within one UTC date
906,2023-04-04T16:45:00Z,2023-04-04T18:00:00Z,75.0,4,True,False,Tuesday,Tuesday,non_weekend_intraday,both endpoints are Monday-Friday; duration is below the configured large-gap threshold; interval is within one UTC date
907,2023-04-04T18:45:00Z,2023-04-04T20:00:00Z,75.0,4,True,False,Tuesday,Tuesday,non_weekend_intraday,both endpoints are Monday-Friday; duration is below the configured large-gap threshold; interval is within one UTC date
908,2023-04-04T20:45:00Z,2023-04-04T22:00:00Z,75.0,4,True,False,Tuesday,Tuesday,non_weekend_intraday,both endpoints are Monday-Friday; duration is below the configured large-gap threshold; interval is within one UTC date
909,2023-04-04T22:45:00Z,2023-04-05T00:00:00Z,75.0,4,True,True,Tuesday,Wednesday,non_weekend_intraday,both endpoints are Monday-Friday; duration is below the configured large-gap threshold; interval crosses a UTC date
910,2023-04-05T10:45:00Z,2023-04-05T13:00:00Z,135.0,8,True,False,Wednesday,Wednesday,non_weekend_intraday,both endpoints are Monday-Friday; duration is below the configured large-gap threshold; interval is within one UTC date
911,2023-04-05T14:45:00Z,2023-04-05T16:00:00Z,75.0,4,True,False,Wednesday,Wednesday,non_weekend_intraday,both endpoints are Monday-Friday; duration is below the configured large-gap threshold; interval is within one UTC date
912,2023-04-05T16:45:00Z,2023-04-05T18:00:00Z,75.0,4,True,False,Wednesday,Wednesday,non_weekend_intraday,both endpoints are Monday-Friday; duration is below the configured large-gap threshold; interval is within one UTC date
913,2023-04-05T18:45:00Z,2023-04-05T20:00:00Z,75.0,4,True,False,Wednesday,Wednesday,non_weekend_intraday,both endpoints are Monday-Friday; duration is below the configured large-gap threshold; interval is within one UTC date
914,2023-04-05T20:45:00Z,2023-04-05T22:00:00Z,75.0,4,True,False,Wednesday,Wednesday,non_weekend_intraday,both endpoints are Monday-Friday; duration is below the configured large-gap threshold; interval is within one UTC date
915,2023-04-06T23:45:00Z,2023-04-09T21:00:00Z,4155.0,276,True,True,Thursday,Sunday,long_nonweekly_gap,duration >= 720 configured minutes outside the weekly rule; interval crosses a UTC date; cause unresolved
916,2023-04-09T21:45:00Z,2023-04-09T23:00:00Z,75.0,4,True,False,Sunday,Sunday,unclassified,interval does not satisfy the configured descriptive category rules
917,2023-04-10T09:45:00Z,2023-04-10T11:00:00Z,75.0,4,True,False,Monday,Monday,non_weekend_intraday,both endpoints are Monday-Friday; duration is below the configured large-gap threshold; interval is within one UTC date
918,2023-04-10T12:45:00Z,2023-04-10T15:00:00Z,135.0,8,True,False,Monday,Monday,non_weekend_intraday,both endpoints are Monday-Friday; duration is below the configured large-gap threshold; interval is within one UTC date
919,2023-04-10T16:45:00Z,2023-04-10T19:00:00Z,135.0,8,True,False,Monday,Monday,non_weekend_intraday,both endpoints are Monday-Friday; duration is below the configured large-gap threshold; interval is within one UTC date
920,2023-04-10T19:45:00Z,2023-04-10T21:00:00Z,75.0,4,True,False,Monday,Monday,non_weekend_intraday,both endpoints are Monday-Friday; duration is below the configured large-gap threshold; interval is within one UTC date
921,2023-04-10T22:45:00Z,2023-04-11T00:00:00Z,75.0,4,True,True,Monday,Tuesday,non_weekend_intraday,both endpoints are Monday-Friday; duration is below the configured large-gap threshold; interval crosses a UTC date
922,2023-04-11T10:45:00Z,2023-04-11T12:00:00Z,75.0,4,True,False,Tuesday,Tuesday,non_weekend_intraday,both endpoints are Monday-Friday; duration is below the configured large-gap threshold; interval is within one UTC date
923,2023-04-11T12:45:00Z,2023-04-11T14:00:00Z,75.0,4,True,False,Tuesday,Tuesday,non_weekend_intraday,both endpoints are Monday-Friday; duration is below the configured large-gap threshold; interval is within one UTC date
924,2023-04-11T14:45:00Z,2023-04-11T17:00:00Z,135.0,8,True,False,Tuesday,Tuesday,non_weekend_intraday,both endpoints are Monday-Friday; duration is below the configured large-gap threshold; interval is within one UTC date
925,2023-04-11T18:45:00Z,2023-04-11T20:00:00Z,75.0,4,True,False,Tuesday,Tuesday,non_weekend_intraday,both endpoints are Monday-Friday; duration is below the configured large-gap threshold; interval is within one UTC date
926,2023-04-11T20:45:00Z,2023-04-11T22:00:00Z,75.0,4,True,False,Tuesday,Tuesday,non_weekend_intraday,both endpoints are Monday-Friday; duration is below the configured large-gap threshold; interval is within one UTC date
927,2023-04-11T22:45:00Z,2023-04-12T00:00:00Z,75.0,4,True,True,Tuesday,Wednesday,non_weekend_intraday,both endpoints are Monday-Friday; duration is below the configured large-gap threshold; interval crosses a UTC date
928,2023-04-12T10:45:00Z,2023-04-12T12:00:00Z,75.0,4,True,False,Wednesday,Wednesday,non_weekend_intraday,both endpoints are Monday-Friday; duration is below the configured large-gap threshold; interval is within one UTC date
929,2023-04-12T12:45:00Z,2023-04-12T15:00:00Z,135.0,8,True,False,Wednesday,Wednesday,non_weekend_intraday,both endpoints are Monday-Friday; duration is below the configured large-gap threshold; interval is within one UTC date
930,2023-04-12T15:45:00Z,2023-04-12T17:00:00Z,75.0,4,True,False,Wednesday,Wednesday,non_weekend_intraday,both endpoints are Monday-Friday; duration is below the configured large-gap threshold; interval is within one UTC date
931,2023-04-12T17:45:00Z,2023-04-12T19:00:00Z,75.0,4,True,False,Wednesday,Wednesday,non_weekend_intraday,both endpoints are Monday-Friday; duration is below the configured large-gap threshold; interval is within one UTC date
932,2023-04-12T20:45:00Z,2023-04-12T22:00:00Z,75.0,4,True,False,Wednesday,Wednesday,non_weekend_intraday,both endpoints are Monday-Friday; duration is below the configured large-gap threshold; interval is within one UTC date
933,2023-04-12T22:45:00Z,2023-04-13T00:00:00Z,75.0,4,True,True,Wednesday,Thursday,non_weekend_intraday,both endpoints are Monday-Friday; duration is below the configured large-gap threshold; interval crosses a UTC date
934,2023-04-13T09:45:00Z,2023-04-13T11:00:00Z,75.0,4,True,False,Thursday,Thursday,non_weekend_intraday,both endpoints are Monday-Friday; duration is below the configured large-gap threshold; interval is within one UTC date
935,2023-04-13T11:45:00Z,2023-04-13T13:00:00Z,75.0,4,True,False,Thursday,Thursday,non_weekend_intraday,both endpoints are Monday-Friday; duration is below the configured large-gap threshold; interval is within one UTC date
936,2023-04-13T13:45:00Z,2023-04-13T15:00:00Z,75.0,4,True,False,Thursday,Thursday,non_weekend_intraday,both endpoints are Monday-Friday; duration is below the configured large-gap threshold; interval is within one UTC date
937,2023-04-13T15:45:00Z,2023-04-13T17:00:00Z,75.0,4,True,False,Thursday,Thursday,non_weekend_intraday,both endpoints are Monday-Friday; duration is below the configured large-gap threshold; interval is within one UTC date
938,2023-04-13T17:45:00Z,2023-04-13T19:00:00Z,75.0,4,True,False,Thursday,Thursday,non_weekend_intraday,both endpoints are Monday-Friday; duration is below the configured large-gap threshold; interval is within one UTC date
939,2023-04-13T19:45:00Z,2023-04-13T21:00:00Z,75.0,4,True,False,Thursday,Thursday,non_weekend_intraday,both endpoints are Monday-Friday; duration is below the configured large-gap threshold; interval is within one UTC date
940,2023-04-13T21:45:00Z,2023-04-13T23:00:00Z,75.0,4,True,False,Thursday,Thursday,non_weekend_intraday,both endpoints are Monday-Friday; duration is below the configured large-gap threshold; interval is within one UTC date
941,2023-04-14T10:45:00Z,2023-04-14T13:00:00Z,135.0,8,True,False,Friday,Friday,non_weekend_intraday,both endpoints are Monday-Friday; duration is below the configured large-gap threshold; interval is within one UTC date
942,2023-04-14T14:45:00Z,2023-04-14T17:00:00Z,135.0,8,True,False,Friday,Friday,non_weekend_intraday,both endpoints are Monday-Friday; duration is below the configured large-gap threshold; interval is within one UTC date
943,2023-04-14T18:45:00Z,2023-04-14T20:00:00Z,75.0,4,True,False,Friday,Friday,non_weekend_intraday,both endpoints are Monday-Friday; duration is below the configured large-gap threshold; interval is within one UTC date
944,2023-04-14T20:45:00Z,2023-04-16T21:00:00Z,2895.0,192,True,True,Friday,Sunday,likely_weekly_closure,duration >= 1440 configured minutes; Friday/Saturday before and Sunday/Monday after
945,2023-04-16T21:45:00Z,2023-04-16T23:00:00Z,75.0,4,True,False,Sunday,Sunday,unclassified,interval does not satisfy the configured descriptive category rules
946,2023-04-17T07:45:00Z,2023-04-17T09:00:00Z,75.0,4,True,False,Monday,Monday,non_weekend_intraday,both endpoints are Monday-Friday; duration is below the configured large-gap threshold; interval is within one UTC date
947,2023-04-17T09:45:00Z,2023-04-17T11:00:00Z,75.0,4,True,False,Monday,Monday,non_weekend_intraday,both endpoints are Monday-Friday; duration is below the configured large-gap threshold; interval is within one UTC date
948,2023-04-17T11:45:00Z,2023-04-17T13:00:00Z,75.0,4,True,False,Monday,Monday,non_weekend_intraday,both endpoints are Monday-Friday; duration is below the configured large-gap threshold; interval is within one UTC date
949,2023-04-17T13:45:00Z,2023-04-17T15:00:00Z,75.0,4,True,False,Monday,Monday,non_weekend_intraday,both endpoints are Monday-Friday; duration is below the configured large-gap threshold; interval is within one UTC date
950,2023-04-17T15:45:00Z,2023-04-17T17:00:00Z,75.0,4,True,False,Monday,Monday,non_weekend_intraday,both endpoints are Monday-Friday; duration is below the configured large-gap threshold; interval is within one UTC date
951,2023-04-17T17:45:00Z,2023-04-17T19:00:00Z,75.0,4,True,False,Monday,Monday,non_weekend_intraday,both endpoints are Monday-Friday; duration is below the configured large-gap threshold; interval is within one UTC date
952,2023-04-17T19:45:00Z,2023-04-17T21:00:00Z,75.0,4,True,False,Monday,Monday,non_weekend_intraday,both endpoints are Monday-Friday; duration is below the configured large-gap threshold; interval is within one UTC date
953,2023-04-17T21:45:00Z,2023-04-17T23:00:00Z,75.0,4,True,False,Monday,Monday,non_weekend_intraday,both endpoints are Monday-Friday; duration is below the configured large-gap threshold; interval is within one UTC date
954,2023-04-18T10:45:00Z,2023-04-18T12:00:00Z,75.0,4,True,False,Tuesday,Tuesday,non_weekend_intraday,both endpoints are Monday-Friday; duration is below the configured large-gap threshold; interval is within one UTC date
955,2023-04-18T12:45:00Z,2023-04-18T14:00:00Z,75.0,4,True,False,Tuesday,Tuesday,non_weekend_intraday,both endpoints are Monday-Friday; duration is below the configured large-gap threshold; interval is within one UTC date
956,2023-04-18T14:45:00Z,2023-04-18T16:00:00Z,75.0,4,True,False,Tuesday,Tuesday,non_weekend_intraday,both endpoints are Monday-Friday; duration is below the configured large-gap threshold; interval is within one UTC date
957,2023-04-18T16:45:00Z,2023-04-18T18:00:00Z,75.0,4,True,False,Tuesday,Tuesday,non_weekend_intraday,both endpoints are Monday-Friday; duration is below the configured large-gap threshold; interval is within one UTC date
958,2023-04-18T18:45:00Z,2023-04-18T20:00:00Z,75.0,4,True,False,Tuesday,Tuesday,non_weekend_intraday,both endpoints are Monday-Friday; duration is below the configured large-gap threshold; interval is within one UTC date
959,2023-04-18T20:45:00Z,2023-04-18T22:00:00Z,75.0,4,True,False,Tuesday,Tuesday,non_weekend_intraday,both endpoints are Monday-Friday; duration is below the configured large-gap threshold; interval is within one UTC date
960,2023-04-18T22:45:00Z,2023-04-19T00:00:00Z,75.0,4,True,True,Tuesday,Wednesday,non_weekend_intraday,both endpoints are Monday-Friday; duration is below the configured large-gap threshold; interval crosses a UTC date
961,2023-04-19T10:45:00Z,2023-04-19T13:00:00Z,135.0,8,True,False,Wednesday,Wednesday,non_weekend_intraday,both endpoints are Monday-Friday; duration is below the configured large-gap threshold; interval is within one UTC date
962,2023-04-19T14:45:00Z,2023-04-19T17:00:00Z,135.0,8,True,False,Wednesday,Wednesday,non_weekend_intraday,both endpoints are Monday-Friday; duration is below the configured large-gap threshold; interval is within one UTC date
963,2023-04-19T18:45:00Z,2023-04-19T20:00:00Z,75.0,4,True,False,Wednesday,Wednesday,non_weekend_intraday,both endpoints are Monday-Friday; duration is below the configured large-gap threshold; interval is within one UTC date
964,2023-04-19T20:45:00Z,2023-04-19T23:00:00Z,135.0,8,True,False,Wednesday,Wednesday,non_weekend_intraday,both endpoints are Monday-Friday; duration is below the configured large-gap threshold; interval is within one UTC date
965,2023-04-20T09:45:00Z,2023-04-20T11:00:00Z,75.0,4,True,False,Thursday,Thursday,non_weekend_intraday,both endpoints are Monday-Friday; duration is below the configured large-gap threshold; interval is within one UTC date
966,2023-04-20T12:45:00Z,2023-04-20T15:00:00Z,135.0,8,True,False,Thursday,Thursday,non_weekend_intraday,both endpoints are Monday-Friday; duration is below the configured large-gap threshold; interval is within one UTC date
967,2023-04-20T15:45:00Z,2023-04-20T17:00:00Z,75.0,4,True,False,Thursday,Thursday,non_weekend_intraday,both endpoints are Monday-Friday; duration is below the configured large-gap threshold; interval is within one UTC date
968,2023-04-20T18:45:00Z,2023-04-20T20:00:00Z,75.0,4,True,False,Thursday,Thursday,non_weekend_intraday,both endpoints are Monday-Friday; duration is below the configured large-gap threshold; interval is within one UTC date
969,2023-04-20T20:45:00Z,2023-04-20T23:00:00Z,135.0,8,True,False,Thursday,Thursday,non_weekend_intraday,both endpoints are Monday-Friday; duration is below the configured large-gap threshold; interval is within one UTC date
970,2023-04-21T10:45:00Z,2023-04-21T13:00:00Z,135.0,8,True,False,Friday,Friday,non_weekend_intraday,both endpoints are Monday-Friday; duration is below the configured large-gap threshold; interval is within one UTC date
971,2023-04-21T13:45:00Z,2023-04-21T15:00:00Z,75.0,4,True,False,Friday,Friday,non_weekend_intraday,both endpoints are Monday-Friday; duration is below the configured large-gap threshold; interval is within one UTC date
972,2023-04-21T15:45:00Z,2023-04-21T17:00:00Z,75.0,4,True,False,Friday,Friday,non_weekend_intraday,both endpoints are Monday-Friday; duration is below the configured large-gap threshold; interval is within one UTC date
973,2023-04-21T18:45:00Z,2023-04-21T20:00:00Z,75.0,4,True,False,Friday,Friday,non_weekend_intraday,both endpoints are Monday-Friday; duration is below the configured large-gap threshold; interval is within one UTC date
974,2023-04-21T20:45:00Z,2023-04-23T22:00:00Z,2955.0,196,True,True,Friday,Sunday,likely_weekly_closure,duration >= 1440 configured minutes; Friday/Saturday before and Sunday/Monday after
975,2023-04-23T22:45:00Z,2023-04-24T00:00:00Z,75.0,4,True,True,Sunday,Monday,unclassified,interval does not satisfy the configured descriptive category rules
976,2023-04-24T09:45:00Z,2023-04-24T11:00:00Z,75.0,4,True,False,Monday,Monday,non_weekend_intraday,both endpoints are Monday-Friday; duration is below the configured large-gap threshold; interval is within one UTC date
977,2023-04-24T11:45:00Z,2023-04-24T13:00:00Z,75.0,4,True,False,Monday,Monday,non_weekend_intraday,both endpoints are Monday-Friday; duration is below the configured large-gap threshold; interval is within one UTC date
978,2023-04-24T13:45:00Z,2023-04-24T15:00:00Z,75.0,4,True,False,Monday,Monday,non_weekend_intraday,both endpoints are Monday-Friday; duration is below the configured large-gap threshold; interval is within one UTC date
979,2023-04-24T15:45:00Z,2023-04-24T17:00:00Z,75.0,4,True,False,Monday,Monday,non_weekend_intraday,both endpoints are Monday-Friday; duration is below the configured large-gap threshold; interval is within one UTC date
980,2023-04-24T17:45:00Z,2023-04-24T19:00:00Z,75.0,4,True,False,Monday,Monday,non_weekend_intraday,both endpoints are Monday-Friday; duration is below the configured large-gap threshold; interval is within one UTC date
981,2023-04-24T19:45:00Z,2023-04-24T21:00:00Z,75.0,4,True,False,Monday,Monday,non_weekend_intraday,both endpoints are Monday-Friday; duration is below the configured large-gap threshold; interval is within one UTC date
982,2023-04-24T21:45:00Z,2023-04-24T23:00:00Z,75.0,4,True,False,Monday,Monday,non_weekend_intraday,both endpoints are Monday-Friday; duration is below the configured large-gap threshold; interval is within one UTC date
983,2023-04-25T09:45:00Z,2023-04-25T11:00:00Z,75.0,4,True,False,Tuesday,Tuesday,non_weekend_intraday,both endpoints are Monday-Friday; duration is below the configured large-gap threshold; interval is within one UTC date
984,2023-04-25T11:45:00Z,2023-04-25T13:00:00Z,75.0,4,True,False,Tuesday,Tuesday,non_weekend_intraday,both endpoints are Monday-Friday; duration is below the configured large-gap threshold; interval is within one UTC date
985,2023-04-25T13:45:00Z,2023-04-25T15:00:00Z,75.0,4,True,False,Tuesday,Tuesday,non_weekend_intraday,both endpoints are Monday-Friday; duration is below the configured large-gap threshold; interval is within one UTC date
986,2023-04-25T15:45:00Z,2023-04-25T17:00:00Z,75.0,4,True,False,Tuesday,Tuesday,non_weekend_intraday,both endpoints are Monday-Friday; duration is below the configured large-gap threshold; interval is within one UTC date
987,2023-04-25T17:45:00Z,2023-04-25T19:00:00Z,75.0,4,True,False,Tuesday,Tuesday,non_weekend_intraday,both endpoints are Monday-Friday; duration is below the configured large-gap threshold; interval is within one UTC date
988,2023-04-25T19:45:00Z,2023-04-25T21:00:00Z,75.0,4,True,False,Tuesday,Tuesday,non_weekend_intraday,both endpoints are Monday-Friday; duration is below the configured large-gap threshold; interval is within one UTC date
989,2023-04-25T21:45:00Z,2023-04-25T23:00:00Z,75.0,4,True,False,Tuesday,Tuesday,non_weekend_intraday,both endpoints are Monday-Friday; duration is below the configured large-gap threshold; interval is within one UTC date
990,2023-04-26T10:45:00Z,2023-04-26T12:00:00Z,75.0,4,True,False,Wednesday,Wednesday,non_weekend_intraday,both endpoints are Monday-Friday; duration is below the configured large-gap threshold; interval is within one UTC date
991,2023-04-26T12:45:00Z,2023-04-26T14:00:00Z,75.0,4,True,False,Wednesday,Wednesday,non_weekend_intraday,both endpoints are Monday-Friday; duration is below the configured large-gap threshold; interval is within one UTC date
992,2023-04-26T14:45:00Z,2023-04-26T16:00:00Z,75.0,4,True,False,Wednesday,Wednesday,non_weekend_intraday,both endpoints are Monday-Friday; duration is below the configured large-gap threshold; interval is within one UTC date
993,2023-04-26T16:45:00Z,2023-04-26T18:00:00Z,75.0,4,True,False,Wednesday,Wednesday,non_weekend_intraday,both endpoints are Monday-Friday; duration is below the configured large-gap threshold; interval is within one UTC date
994,2023-04-26T18:45:00Z,2023-04-26T20:00:00Z,75.0,4,True,False,Wednesday,Wednesday,non_weekend_intraday,both endpoints are Monday-Friday; duration is below the configured large-gap threshold; interval is within one UTC date
995,2023-04-26T20:45:00Z,2023-04-26T22:00:00Z,75.0,4,True,False,Wednesday,Wednesday,non_weekend_intraday,both endpoints are Monday-Friday; duration is below the configured large-gap threshold; interval is within one UTC date
996,2023-04-26T22:45:00Z,2023-04-27T00:00:00Z,75.0,4,True,True,Wednesday,Thursday,non_weekend_intraday,both endpoints are Monday-Friday; duration is below the configured large-gap threshold; interval crosses a UTC date
997,2023-04-27T09:45:00Z,2023-04-27T11:00:00Z,75.0,4,True,False,Thursday,Thursday,non_weekend_intraday,both endpoints are Monday-Friday; duration is below the configured large-gap threshold; interval is within one UTC date
998,2023-04-27T11:45:00Z,2023-04-27T13:00:00Z,75.0,4,True,False,Thursday,Thursday,non_weekend_intraday,both endpoints are Monday-Friday; duration is below the configured large-gap threshold; interval is within one UTC date
999,2023-04-27T13:45:00Z,2023-04-27T15:00:00Z,75.0,4,True,False,Thursday,Thursday,non_weekend_intraday,both endpoints are Monday-Friday; duration is below the configured large-gap threshold; interval is within one UTC date
1000,2023-04-27T15:45:00Z,2023-04-27T17:00:00Z,75.0,4,True,False,Thursday,Thursday,non_weekend_intraday,both endpoints are Monday-Friday; duration is below the configured large-gap threshold; interval is within one UTC date
1001,2023-04-27T18:45:00Z,2023-04-27T20:00:00Z,75.0,4,True,False,Thursday,Thursday,non_weekend_intraday,both endpoints are Monday-Friday; duration is below the configured large-gap threshold; interval is within one UTC date
1002,2023-04-27T20:45:00Z,2023-04-27T23:00:00Z,135.0,8,True,False,Thursday,Thursday,non_weekend_intraday,both endpoints are Monday-Friday; duration is below the configured large-gap threshold; interval is within one UTC date
1003,2023-04-28T09:45:00Z,2023-04-28T11:00:00Z,75.0,4,True,False,Friday,Friday,non_weekend_intraday,both endpoints are Monday-Friday; duration is below the configured large-gap threshold; interval is within one UTC date
1004,2023-04-28T11:45:00Z,2023-04-28T13:00:00Z,75.0,4,True,False,Friday,Friday,non_weekend_intraday,both endpoints are Monday-Friday; duration is below the configured large-gap threshold; interval is within one UTC date
1005,2023-04-28T13:45:00Z,2023-04-28T15:00:00Z,75.0,4,True,False,Friday,Friday,non_weekend_intraday,both endpoints are Monday-Friday; duration is below the configured large-gap threshold; interval is within one UTC date
1006,2023-04-28T15:45:00Z,2023-04-28T17:00:00Z,75.0,4,True,False,Friday,Friday,non_weekend_intraday,both endpoints are Monday-Friday; duration is below the configured large-gap threshold; interval is within one UTC date
1007,2023-04-28T17:45:00Z,2023-04-28T19:00:00Z,75.0,4,True,False,Friday,Friday,non_weekend_intraday,both endpoints are Monday-Friday; duration is below the configured large-gap threshold; interval is within one UTC date
1008,2023-04-28T19:45:00Z,2023-04-30T22:00:00Z,3015.0,200,True,True,Friday,Sunday,likely_weekly_closure,duration >= 1440 configured minutes; Friday/Saturday before and Sunday/Monday after
1009,2023-04-30T22:45:00Z,2023-05-01T00:00:00Z,75.0,4,True,True,Sunday,Monday,unclassified,interval does not satisfy the configured descriptive category rules
1010,2023-05-01T10:45:00Z,2023-05-01T13:00:00Z,135.0,8,True,False,Monday,Monday,non_weekend_intraday,both endpoints are Monday-Friday; duration is below the configured large-gap threshold; interval is within one UTC date
1011,2023-05-01T14:45:00Z,2023-05-01T17:00:00Z,135.0,8,True,False,Monday,Monday,non_weekend_intraday,both endpoints are Monday-Friday; duration is below the configured large-gap threshold; interval is within one UTC date
1012,2023-05-01T18:45:00Z,2023-05-01T21:00:00Z,135.0,8,True,False,Monday,Monday,non_weekend_intraday,both endpoints are Monday-Friday; duration is below the configured large-gap threshold; interval is within one UTC date
1013,2023-05-01T22:45:00Z,2023-05-02T00:00:00Z,75.0,4,True,True,Monday,Tuesday,non_weekend_intraday,both endpoints are Monday-Friday; duration is below the configured large-gap threshold; interval crosses a UTC date
1014,2023-05-02T09:45:00Z,2023-05-02T11:00:00Z,75.0,4,True,False,Tuesday,Tuesday,non_weekend_intraday,both endpoints are Monday-Friday; duration is below the configured large-gap threshold; interval is within one UTC date
1015,2023-05-02T11:45:00Z,2023-05-02T13:00:00Z,75.0,4,True,False,Tuesday,Tuesday,non_weekend_intraday,both endpoints are Monday-Friday; duration is below the configured large-gap threshold; interval is within one UTC date
1016,2023-05-02T13:45:00Z,2023-05-02T15:00:00Z,75.0,4,True,False,Tuesday,Tuesday,non_weekend_intraday,both endpoints are Monday-Friday; duration is below the configured large-gap threshold; interval is within one UTC date
1017,2023-05-02T15:45:00Z,2023-05-02T17:00:00Z,75.0,4,True,False,Tuesday,Tuesday,non_weekend_intraday,both endpoints are Monday-Friday; duration is below the configured large-gap threshold; interval is within one UTC date
1018,2023-05-02T17:45:00Z,2023-05-02T19:00:00Z,75.0,4,True,False,Tuesday,Tuesday,non_weekend_intraday,both endpoints are Monday-Friday; duration is below the configured large-gap threshold; interval is within one UTC date
1019,2023-05-02T19:45:00Z,2023-05-02T21:00:00Z,75.0,4,True,False,Tuesday,Tuesday,non_weekend_intraday,both endpoints are Monday-Friday; duration is below the configured large-gap threshold; interval is within one UTC date
1020,2023-05-02T21:45:00Z,2023-05-02T23:00:00Z,75.0,4,True,False,Tuesday,Tuesday,non_weekend_intraday,both endpoints are Monday-Friday; duration is below the configured large-gap threshold; interval is within one UTC date
1021,2023-05-03T10:45:00Z,2023-05-03T12:00:00Z,75.0,4,True,False,Wednesday,Wednesday,non_weekend_intraday,both endpoints are Monday-Friday; duration is below the configured large-gap threshold; interval is within one UTC date
1022,2023-05-03T12:45:00Z,2023-05-03T14:00:00Z,75.0,4,True,False,Wednesday,Wednesday,non_weekend_intraday,both endpoints are Monday-Friday; duration is below the configured large-gap threshold; interval is within one UTC date
1023,2023-05-03T14:45:00Z,2023-05-03T16:00:00Z,75.0,4,True,False,Wednesday,Wednesday,non_weekend_intraday,both endpoints are Monday-Friday; duration is below the configured large-gap threshold; interval is within one UTC date
1024,2023-05-03T16:45:00Z,2023-05-03T18:00:00Z,75.0,4,True,False,Wednesday,Wednesday,non_weekend_intraday,both endpoints are Monday-Friday; duration is below the configured large-gap threshold; interval is within one UTC date
1025,2023-05-03T18:45:00Z,2023-05-03T20:00:00Z,75.0,4,True,False,Wednesday,Wednesday,non_weekend_intraday,both endpoints are Monday-Friday; duration is below the configured large-gap threshold; interval is within one UTC date
1026,2023-05-03T20:45:00Z,2023-05-03T22:00:00Z,75.0,4,True,False,Wednesday,Wednesday,non_weekend_intraday,both endpoints are Monday-Friday; duration is below the configured large-gap threshold; interval is within one UTC date
1027,2023-05-03T22:45:00Z,2023-05-04T00:00:00Z,75.0,4,True,True,Wednesday,Thursday,non_weekend_intraday,both endpoints are Monday-Friday; duration is below the configured large-gap threshold; interval crosses a UTC date
1028,2023-05-04T09:45:00Z,2023-05-04T11:00:00Z,75.0,4,True,False,Thursday,Thursday,non_weekend_intraday,both endpoints are Monday-Friday; duration is below the configured large-gap threshold; interval is within one UTC date
1029,2023-05-04T11:45:00Z,2023-05-04T13:00:00Z,75.0,4,True,False,Thursday,Thursday,non_weekend_intraday,both endpoints are Monday-Friday; duration is below the configured large-gap threshold; interval is within one UTC date
1030,2023-05-04T13:45:00Z,2023-05-04T15:00:00Z,75.0,4,True,False,Thursday,Thursday,non_weekend_intraday,both endpoints are Monday-Friday; duration is below the configured large-gap threshold; interval is within one UTC date
1031,2023-05-04T15:45:00Z,2023-05-04T17:00:00Z,75.0,4,True,False,Thursday,Thursday,non_weekend_intraday,both endpoints are Monday-Friday; duration is below the configured large-gap threshold; interval is within one UTC date
1032,2023-05-04T17:45:00Z,2023-05-04T19:00:00Z,75.0,4,True,False,Thursday,Thursday,non_weekend_intraday,both endpoints are Monday-Friday; duration is below the configured large-gap threshold; interval is within one UTC date
1033,2023-05-04T19:45:00Z,2023-05-04T21:00:00Z,75.0,4,True,False,Thursday,Thursday,non_weekend_intraday,both endpoints are Monday-Friday; duration is below the configured large-gap threshold; interval is within one UTC date
1034,2023-05-04T22:45:00Z,2023-05-05T00:00:00Z,75.0,4,True,True,Thursday,Friday,non_weekend_intraday,both endpoints are Monday-Friday; duration is below the configured large-gap threshold; interval crosses a UTC date
1035,2023-05-05T10:45:00Z,2023-05-05T12:00:00Z,75.0,4,True,False,Friday,Friday,non_weekend_intraday,both endpoints are Monday-Friday; duration is below the configured large-gap threshold; interval is within one UTC date
1036,2023-05-05T12:45:00Z,2023-05-05T14:00:00Z,75.0,4,True,False,Friday,Friday,non_weekend_intraday,both endpoints are Monday-Friday; duration is below the configured large-gap threshold; interval is within one UTC date
1037,2023-05-05T14:45:00Z,2023-05-05T16:00:00Z,75.0,4,True,False,Friday,Friday,non_weekend_intraday,both endpoints are Monday-Friday; duration is below the configured large-gap threshold; interval is within one UTC date
1038,2023-05-05T16:45:00Z,2023-05-05T18:00:00Z,75.0,4,True,False,Friday,Friday,non_weekend_intraday,both endpoints are Monday-Friday; duration is below the configured large-gap threshold; interval is within one UTC date
1039,2023-05-05T18:45:00Z,2023-05-05T20:00:00Z,75.0,4,True,False,Friday,Friday,non_weekend_intraday,both endpoints are Monday-Friday; duration is below the configured large-gap threshold; interval is within one UTC date
1040,2023-05-05T20:45:00Z,2023-05-07T22:00:00Z,2955.0,196,True,True,Friday,Sunday,likely_weekly_closure,duration >= 1440 configured minutes; Friday/Saturday before and Sunday/Monday after
1041,2023-05-07T22:45:00Z,2023-05-08T00:00:00Z,75.0,4,True,True,Sunday,Monday,unclassified,interval does not satisfy the configured descriptive category rules
1042,2023-05-08T10:45:00Z,2023-05-08T12:00:00Z,75.0,4,True,False,Monday,Monday,non_weekend_intraday,both endpoints are Monday-Friday; duration is below the configured large-gap threshold; interval is within one UTC date
1043,2023-05-08T12:45:00Z,2023-05-08T14:00:00Z,75.0,4,True,False,Monday,Monday,non_weekend_intraday,both endpoints are Monday-Friday; duration is below the configured large-gap threshold; interval is within one UTC date
1044,2023-05-08T14:45:00Z,2023-05-08T16:00:00Z,75.0,4,True,False,Monday,Monday,non_weekend_intraday,both endpoints are Monday-Friday; duration is below the configured large-gap threshold; interval is within one UTC date
1045,2023-05-08T16:45:00Z,2023-05-08T18:00:00Z,75.0,4,True,False,Monday,Monday,non_weekend_intraday,both endpoints are Monday-Friday; duration is below the configured large-gap threshold; interval is within one UTC date
1046,2023-05-08T18:45:00Z,2023-05-08T20:00:00Z,75.0,4,True,False,Monday,Monday,non_weekend_intraday,both endpoints are Monday-Friday; duration is below the configured large-gap threshold; interval is within one UTC date
1047,2023-05-08T20:45:00Z,2023-05-08T22:00:00Z,75.0,4,True,False,Monday,Monday,non_weekend_intraday,both endpoints are Monday-Friday; duration is below the configured large-gap threshold; interval is within one UTC date
1048,2023-05-08T22:45:00Z,2023-05-09T00:00:00Z,75.0,4,True,True,Monday,Tuesday,non_weekend_intraday,both endpoints are Monday-Friday; duration is below the configured large-gap threshold; interval crosses a UTC date
1049,2023-05-09T10:45:00Z,2023-05-09T12:00:00Z,75.0,4,True,False,Tuesday,Tuesday,non_weekend_intraday,both endpoints are Monday-Friday; duration is below the configured large-gap threshold; interval is within one UTC date
1050,2023-05-09T12:45:00Z,2023-05-09T14:00:00Z,75.0,4,True,False,Tuesday,Tuesday,non_weekend_intraday,both endpoints are Monday-Friday; duration is below the configured large-gap threshold; interval is within one UTC date
1051,2023-05-09T14:45:00Z,2023-05-09T16:00:00Z,75.0,4,True,False,Tuesday,Tuesday,non_weekend_intraday,both endpoints are Monday-Friday; duration is below the configured large-gap threshold; interval is within one UTC date
1052,2023-05-09T16:45:00Z,2023-05-09T18:00:00Z,75.0,4,True,False,Tuesday,Tuesday,non_weekend_intraday,both endpoints are Monday-Friday; duration is below the configured large-gap threshold; interval is within one UTC date
1053,2023-05-09T18:45:00Z,2023-05-09T20:00:00Z,75.0,4,True,False,Tuesday,Tuesday,non_weekend_intraday,both endpoints are Monday-Friday; duration is below the configured large-gap threshold; interval is within one UTC date
1054,2023-05-09T20:45:00Z,2023-05-09T22:00:00Z,75.0,4,True,False,Tuesday,Tuesday,non_weekend_intraday,both endpoints are Monday-Friday; duration is below the configured large-gap threshold; interval is within one UTC date
1055,2023-05-09T22:45:00Z,2023-05-10T00:00:00Z,75.0,4,True,True,Tuesday,Wednesday,non_weekend_intraday,both endpoints are Monday-Friday; duration is below the configured large-gap threshold; interval crosses a UTC date
1056,2023-05-10T10:45:00Z,2023-05-10T12:00:00Z,75.0,4,True,False,Wednesday,Wednesday,non_weekend_intraday,both endpoints are Monday-Friday; duration is below the configured large-gap threshold; interval is within one UTC date
1057,2023-05-10T12:45:00Z,2023-05-10T14:00:00Z,75.0,4,True,False,Wednesday,Wednesday,non_weekend_intraday,both endpoints are Monday-Friday; duration is below the configured large-gap threshold; interval is within one UTC date
1058,2023-05-10T14:45:00Z,2023-05-10T16:00:00Z,75.0,4,True,False,Wednesday,Wednesday,non_weekend_intraday,both endpoints are Monday-Friday; duration is below the configured large-gap threshold; interval is within one UTC date
1059,2023-05-10T16:45:00Z,2023-05-10T18:00:00Z,75.0,4,True,False,Wednesday,Wednesday,non_weekend_intraday,both endpoints are Monday-Friday; duration is below the configured large-gap threshold; interval is within one UTC date
1060,2023-05-10T18:45:00Z,2023-05-10T20:00:00Z,75.0,4,True,False,Wednesday,Wednesday,non_weekend_intraday,both endpoints are Monday-Friday; duration is below the configured large-gap threshold; interval is within one UTC date
1061,2023-05-10T20:45:00Z,2023-05-10T23:00:00Z,135.0,8,True,False,Wednesday,Wednesday,non_weekend_intraday,both endpoints are Monday-Friday; duration is below the configured large-gap threshold; interval is within one UTC date
1062,2023-05-11T09:45:00Z,2023-05-11T11:00:00Z,75.0,4,True,False,Thursday,Thursday,non_weekend_intraday,both endpoints are Monday-Friday; duration is below the configured large-gap threshold; interval is within one UTC date
1063,2023-05-11T11:45:00Z,2023-05-11T13:00:00Z,75.0,4,True,False,Thursday,Thursday,non_weekend_intraday,both endpoints are Monday-Friday; duration is below the configured large-gap threshold; interval is within one UTC date
1064,2023-05-11T14:45:00Z,2023-05-11T17:00:00Z,135.0,8,True,False,Thursday,Thursday,non_weekend_intraday,both endpoints are Monday-Friday; duration is below the configured large-gap threshold; interval is within one UTC date
1065,2023-05-11T18:45:00Z,2023-05-11T21:00:00Z,135.0,8,True,False,Thursday,Thursday,non_weekend_intraday,both endpoints are Monday-Friday; duration is below the configured large-gap threshold; interval is within one UTC date
1066,2023-05-11T21:45:00Z,2023-05-11T23:00:00Z,75.0,4,True,False,Thursday,Thursday,non_weekend_intraday,both endpoints are Monday-Friday; duration is below the configured large-gap threshold; interval is within one UTC date
1067,2023-05-12T09:45:00Z,2023-05-12T11:00:00Z,75.0,4,True,False,Friday,Friday,non_weekend_intraday,both endpoints are Monday-Friday; duration is below the configured large-gap threshold; interval is within one UTC date
1068,2023-05-12T12:45:00Z,2023-05-12T15:00:00Z,135.0,8,True,False,Friday,Friday,non_weekend_intraday,both endpoints are Monday-Friday; duration is below the configured large-gap threshold; interval is within one UTC date
1069,2023-05-12T16:45:00Z,2023-05-12T19:00:00Z,135.0,8,True,False,Friday,Friday,non_weekend_intraday,both endpoints are Monday-Friday; duration is below the configured large-gap threshold; interval is within one UTC date
1070,2023-05-12T20:45:00Z,2023-05-14T21:00:00Z,2895.0,192,True,True,Friday,Sunday,likely_weekly_closure,duration >= 1440 configured minutes; Friday/Saturday before and Sunday/Monday after
1071,2023-05-14T21:45:00Z,2023-05-14T23:00:00Z,75.0,4,True,False,Sunday,Sunday,unclassified,interval does not satisfy the configured descriptive category rules
1072,2023-05-15T10:45:00Z,2023-05-15T12:00:00Z,75.0,4,True,False,Monday,Monday,non_weekend_intraday,both endpoints are Monday-Friday; duration is below the configured large-gap threshold; interval is within one UTC date
1073,2023-05-15T12:45:00Z,2023-05-15T14:00:00Z,75.0,4,True,False,Monday,Monday,non_weekend_intraday,both endpoints are Monday-Friday; duration is below the configured large-gap threshold; interval is within one UTC date
1074,2023-05-15T14:45:00Z,2023-05-15T17:00:00Z,135.0,8,True,False,Monday,Monday,non_weekend_intraday,both endpoints are Monday-Friday; duration is below the configured large-gap threshold; interval is within one UTC date
1075,2023-05-15T18:45:00Z,2023-05-15T21:00:00Z,135.0,8,True,False,Monday,Monday,non_weekend_intraday,both endpoints are Monday-Friday; duration is below the configured large-gap threshold; interval is within one UTC date
1076,2023-05-16T09:45:00Z,2023-05-16T11:00:00Z,75.0,4,True,False,Tuesday,Tuesday,non_weekend_intraday,both endpoints are Monday-Friday; duration is below the configured large-gap threshold; interval is within one UTC date
1077,2023-05-16T11:45:00Z,2023-05-16T13:00:00Z,75.0,4,True,False,Tuesday,Tuesday,non_weekend_intraday,both endpoints are Monday-Friday; duration is below the configured large-gap threshold; interval is within one UTC date
1078,2023-05-16T13:45:00Z,2023-05-16T15:00:00Z,75.0,4,True,False,Tuesday,Tuesday,non_weekend_intraday,both endpoints are Monday-Friday; duration is below the configured large-gap threshold; interval is within one UTC date
1079,2023-05-16T16:45:00Z,2023-05-16T19:00:00Z,135.0,8,True,False,Tuesday,Tuesday,non_weekend_intraday,both endpoints are Monday-Friday; duration is below the configured large-gap threshold; interval is within one UTC date
1080,2023-05-16T19:45:00Z,2023-05-16T21:00:00Z,75.0,4,True,False,Tuesday,Tuesday,non_weekend_intraday,both endpoints are Monday-Friday; duration is below the configured large-gap threshold; interval is within one UTC date
1081,2023-05-16T21:45:00Z,2023-05-16T23:00:00Z,75.0,4,True,False,Tuesday,Tuesday,non_weekend_intraday,both endpoints are Monday-Friday; duration is below the configured large-gap threshold; interval is within one UTC date
1082,2023-05-17T09:45:00Z,2023-05-17T11:00:00Z,75.0,4,True,False,Wednesday,Wednesday,non_weekend_intraday,both endpoints are Monday-Friday; duration is below the configured large-gap threshold; interval is within one UTC date
1083,2023-05-17T11:45:00Z,2023-05-17T13:00:00Z,75.0,4,True,False,Wednesday,Wednesday,non_weekend_intraday,both endpoints are Monday-Friday; duration is below the configured large-gap threshold; interval is within one UTC date
1084,2023-05-17T13:45:00Z,2023-05-17T15:00:00Z,75.0,4,True,False,Wednesday,Wednesday,non_weekend_intraday,both endpoints are Monday-Friday; duration is below the configured large-gap threshold; interval is within one UTC date
1085,2023-05-17T15:45:00Z,2023-05-17T17:00:00Z,75.0,4,True,False,Wednesday,Wednesday,non_weekend_intraday,both endpoints are Monday-Friday; duration is below the configured large-gap threshold; interval is within one UTC date
1086,2023-05-17T17:45:00Z,2023-05-17T19:00:00Z,75.0,4,True,False,Wednesday,Wednesday,non_weekend_intraday,both endpoints are Monday-Friday; duration is below the configured large-gap threshold; interval is within one UTC date
1087,2023-05-17T19:45:00Z,2023-05-17T21:00:00Z,75.0,4,True,False,Wednesday,Wednesday,non_weekend_intraday,both endpoints are Monday-Friday; duration is below the configured large-gap threshold; interval is within one UTC date
1088,2023-05-17T21:45:00Z,2023-05-17T23:00:00Z,75.0,4,True,False,Wednesday,Wednesday,non_weekend_intraday,both endpoints are Monday-Friday; duration is below the configured large-gap threshold; interval is within one UTC date
1089,2023-05-18T09:45:00Z,2023-05-18T11:00:00Z,75.0,4,True,False,Thursday,Thursday,non_weekend_intraday,both endpoints are Monday-Friday; duration is below the configured large-gap threshold; interval is within one UTC date
1090,2023-05-18T12:45:00Z,2023-05-18T14:00:00Z,75.0,4,True,False,Thursday,Thursday,non_weekend_intraday,both endpoints are Monday-Friday; duration is below the configured large-gap threshold; interval is within one UTC date
1091,2023-05-18T14:45:00Z,2023-05-18T17:00:00Z,135.0,8,True,False,Thursday,Thursday,non_weekend_intraday,both endpoints are Monday-Friday; duration is below the configured large-gap threshold; interval is within one UTC date
1092,2023-05-18T17:45:00Z,2023-05-18T19:00:00Z,75.0,4,True,False,Thursday,Thursday,non_weekend_intraday,both endpoints are Monday-Friday; duration is below the configured large-gap threshold; interval is within one UTC date
1093,2023-05-18T19:45:00Z,2023-05-18T21:00:00Z,75.0,4,True,False,Thursday,Thursday,non_weekend_intraday,both endpoints are Monday-Friday; duration is below the configured large-gap threshold; interval is within one UTC date
1094,2023-05-18T21:45:00Z,2023-05-18T23:00:00Z,75.0,4,True,False,Thursday,Thursday,non_weekend_intraday,both endpoints are Monday-Friday; duration is below the configured large-gap threshold; interval is within one UTC date
1095,2023-05-19T10:45:00Z,2023-05-19T12:00:00Z,75.0,4,True,False,Friday,Friday,non_weekend_intraday,both endpoints are Monday-Friday; duration is below the configured large-gap threshold; interval is within one UTC date
1096,2023-05-19T12:45:00Z,2023-05-19T14:00:00Z,75.0,4,True,False,Friday,Friday,non_weekend_intraday,both endpoints are Monday-Friday; duration is below the configured large-gap threshold; interval is within one UTC date
1097,2023-05-19T14:45:00Z,2023-05-19T16:00:00Z,75.0,4,True,False,Friday,Friday,non_weekend_intraday,both endpoints are Monday-Friday; duration is below the configured large-gap threshold; interval is within one UTC date
1098,2023-05-19T16:45:00Z,2023-05-19T18:00:00Z,75.0,4,True,False,Friday,Friday,non_weekend_intraday,both endpoints are Monday-Friday; duration is below the configured large-gap threshold; interval is within one UTC date
1099,2023-05-19T18:45:00Z,2023-05-19T20:00:00Z,75.0,4,True,False,Friday,Friday,non_weekend_intraday,both endpoints are Monday-Friday; duration is below the configured large-gap threshold; interval is within one UTC date
1100,2023-05-19T20:45:00Z,2023-05-21T22:00:00Z,2955.0,196,True,True,Friday,Sunday,likely_weekly_closure,duration >= 1440 configured minutes; Friday/Saturday before and Sunday/Monday after
1101,2023-05-21T22:45:00Z,2023-05-22T00:00:00Z,75.0,4,True,True,Sunday,Monday,unclassified,interval does not satisfy the configured descriptive category rules
1102,2023-05-22T09:45:00Z,2023-05-22T11:00:00Z,75.0,4,True,False,Monday,Monday,non_weekend_intraday,both endpoints are Monday-Friday; duration is below the configured large-gap threshold; interval is within one UTC date
1103,2023-05-22T11:45:00Z,2023-05-22T13:00:00Z,75.0,4,True,False,Monday,Monday,non_weekend_intraday,both endpoints are Monday-Friday; duration is below the configured large-gap threshold; interval is within one UTC date
1104,2023-05-22T13:45:00Z,2023-05-22T15:00:00Z,75.0,4,True,False,Monday,Monday,non_weekend_intraday,both endpoints are Monday-Friday; duration is below the configured large-gap threshold; interval is within one UTC date
1105,2023-05-22T15:45:00Z,2023-05-22T17:00:00Z,75.0,4,True,False,Monday,Monday,non_weekend_intraday,both endpoints are Monday-Friday; duration is below the configured large-gap threshold; interval is within one UTC date
1106,2023-05-22T17:45:00Z,2023-05-22T19:00:00Z,75.0,4,True,False,Monday,Monday,non_weekend_intraday,both endpoints are Monday-Friday; duration is below the configured large-gap threshold; interval is within one UTC date
1107,2023-05-22T19:45:00Z,2023-05-22T21:00:00Z,75.0,4,True,False,Monday,Monday,non_weekend_intraday,both endpoints are Monday-Friday; duration is below the configured large-gap threshold; interval is within one UTC date
1108,2023-05-22T22:45:00Z,2023-05-23T00:00:00Z,75.0,4,True,True,Monday,Tuesday,non_weekend_intraday,both endpoints are Monday-Friday; duration is below the configured large-gap threshold; interval crosses a UTC date
1109,2023-05-23T09:45:00Z,2023-05-23T11:00:00Z,75.0,4,True,False,Tuesday,Tuesday,non_weekend_intraday,both endpoints are Monday-Friday; duration is below the configured large-gap threshold; interval is within one UTC date
1110,2023-05-23T12:45:00Z,2023-05-23T14:00:00Z,75.0,4,True,False,Tuesday,Tuesday,non_weekend_intraday,both endpoints are Monday-Friday; duration is below the configured large-gap threshold; interval is within one UTC date
1111,2023-05-23T14:45:00Z,2023-05-23T16:00:00Z,75.0,4,True,False,Tuesday,Tuesday,non_weekend_intraday,both endpoints are Monday-Friday; duration is below the configured large-gap threshold; interval is within one UTC date
1112,2023-05-23T16:45:00Z,2023-05-23T18:00:00Z,75.0,4,True,False,Tuesday,Tuesday,non_weekend_intraday,both endpoints are Monday-Friday; duration is below the configured large-gap threshold; interval is within one UTC date
1113,2023-05-23T19:45:00Z,2023-05-23T21:00:00Z,75.0,4,True,False,Tuesday,Tuesday,non_weekend_intraday,both endpoints are Monday-Friday; duration is below the configured large-gap threshold; interval is within one UTC date
1114,2023-05-23T21:45:00Z,2023-05-24T00:00:00Z,135.0,8,True,True,Tuesday,Wednesday,non_weekend_intraday,both endpoints are Monday-Friday; duration is below the configured large-gap threshold; interval crosses a UTC date
1115,2023-05-24T10:45:00Z,2023-05-24T12:00:00Z,75.0,4,True,False,Wednesday,Wednesday,non_weekend_intraday,both endpoints are Monday-Friday; duration is below the configured large-gap threshold; interval is within one UTC date
1116,2023-05-24T12:45:00Z,2023-05-24T14:00:00Z,75.0,4,True,False,Wednesday,Wednesday,non_weekend_intraday,both endpoints are Monday-Friday; duration is below the configured large-gap threshold; interval is within one UTC date
1117,2023-05-24T14:45:00Z,2023-05-24T16:00:00Z,75.0,4,True,False,Wednesday,Wednesday,non_weekend_intraday,both endpoints are Monday-Friday; duration is below the configured large-gap threshold; interval is within one UTC date
1118,2023-05-24T16:45:00Z,2023-05-24T18:00:00Z,75.0,4,True,False,Wednesday,Wednesday,non_weekend_intraday,both endpoints are Monday-Friday; duration is below the configured large-gap threshold; interval is within one UTC date
1119,2023-05-24T18:45:00Z,2023-05-24T20:00:00Z,75.0,4,True,False,Wednesday,Wednesday,non_weekend_intraday,both endpoints are Monday-Friday; duration is below the configured large-gap threshold; interval is within one UTC date
1120,2023-05-24T20:45:00Z,2023-05-24T22:00:00Z,75.0,4,True,False,Wednesday,Wednesday,non_weekend_intraday,both endpoints are Monday-Friday; duration is below the configured large-gap threshold; interval is within one UTC date
1121,2023-05-24T22:45:00Z,2023-05-25T00:00:00Z,75.0,4,True,True,Wednesday,Thursday,non_weekend_intraday,both endpoints are Monday-Friday; duration is below the configured large-gap threshold; interval crosses a UTC date
1122,2023-05-25T09:45:00Z,2023-05-25T11:00:00Z,75.0,4,True,False,Thursday,Thursday,non_weekend_intraday,both endpoints are Monday-Friday; duration is below the configured large-gap threshold; interval is within one UTC date
1123,2023-05-25T11:45:00Z,2023-05-25T13:00:00Z,75.0,4,True,False,Thursday,Thursday,non_weekend_intraday,both endpoints are Monday-Friday; duration is below the configured large-gap threshold; interval is within one UTC date
1124,2023-05-25T13:45:00Z,2023-05-25T15:00:00Z,75.0,4,True,False,Thursday,Thursday,non_weekend_intraday,both endpoints are Monday-Friday; duration is below the configured large-gap threshold; interval is within one UTC date
1125,2023-05-25T16:45:00Z,2023-05-25T19:00:00Z,135.0,8,True,False,Thursday,Thursday,non_weekend_intraday,both endpoints are Monday-Friday; duration is below the configured large-gap threshold; interval is within one UTC date
1126,2023-05-25T20:45:00Z,2023-05-25T23:00:00Z,135.0,8,True,False,Thursday,Thursday,non_weekend_intraday,both endpoints are Monday-Friday; duration is below the configured large-gap threshold; interval is within one UTC date
1127,2023-05-26T10:45:00Z,2023-05-26T12:00:00Z,75.0,4,True,False,Friday,Friday,non_weekend_intraday,both endpoints are Monday-Friday; duration is below the configured large-gap threshold; interval is within one UTC date
1128,2023-05-26T12:45:00Z,2023-05-26T15:00:00Z,135.0,8,True,False,Friday,Friday,non_weekend_intraday,both endpoints are Monday-Friday; duration is below the configured large-gap threshold; interval is within one UTC date
1129,2023-05-26T16:45:00Z,2023-05-26T18:00:00Z,75.0,4,True,False,Friday,Friday,non_weekend_intraday,both endpoints are Monday-Friday; duration is below the configured large-gap threshold; interval is within one UTC date
1130,2023-05-26T18:45:00Z,2023-05-28T22:00:00Z,3075.0,204,True,True,Friday,Sunday,likely_weekly_closure,duration >= 1440 configured minutes; Friday/Saturday before and Sunday/Monday after
1131,2023-05-28T22:45:00Z,2023-05-29T00:00:00Z,75.0,4,True,True,Sunday,Monday,unclassified,interval does not satisfy the configured descriptive category rules
1132,2023-05-29T10:45:00Z,2023-05-29T13:00:00Z,135.0,8,True,False,Monday,Monday,non_weekend_intraday,both endpoints are Monday-Friday; duration is below the configured large-gap threshold; interval is within one UTC date
1133,2023-05-29T13:45:00Z,2023-05-29T15:00:00Z,75.0,4,True,False,Monday,Monday,non_weekend_intraday,both endpoints are Monday-Friday; duration is below the configured large-gap threshold; interval is within one UTC date
1134,2023-05-29T15:45:00Z,2023-05-29T17:00:00Z,75.0,4,True,False,Monday,Monday,non_weekend_intraday,both endpoints are Monday-Friday; duration is below the configured large-gap threshold; interval is within one UTC date
1135,2023-05-29T17:45:00Z,2023-05-29T19:00:00Z,75.0,4,True,False,Monday,Monday,non_weekend_intraday,both endpoints are Monday-Friday; duration is below the configured large-gap threshold; interval is within one UTC date
1136,2023-05-29T19:45:00Z,2023-05-29T21:00:00Z,75.0,4,True,False,Monday,Monday,non_weekend_intraday,both endpoints are Monday-Friday; duration is below the configured large-gap threshold; interval is within one UTC date
1137,2023-05-29T22:45:00Z,2023-05-30T00:00:00Z,75.0,4,True,True,Monday,Tuesday,non_weekend_intraday,both endpoints are Monday-Friday; duration is below the configured large-gap threshold; interval crosses a UTC date
1138,2023-05-30T10:45:00Z,2023-05-30T12:00:00Z,75.0,4,True,False,Tuesday,Tuesday,non_weekend_intraday,both endpoints are Monday-Friday; duration is below the configured large-gap threshold; interval is within one UTC date
1139,2023-05-30T12:45:00Z,2023-05-30T14:00:00Z,75.0,4,True,False,Tuesday,Tuesday,non_weekend_intraday,both endpoints are Monday-Friday; duration is below the configured large-gap threshold; interval is within one UTC date
1140,2023-05-30T14:45:00Z,2023-05-30T16:00:00Z,75.0,4,True,False,Tuesday,Tuesday,non_weekend_intraday,both endpoints are Monday-Friday; duration is below the configured large-gap threshold; interval is within one UTC date
1141,2023-05-30T16:45:00Z,2023-05-30T19:00:00Z,135.0,8,True,False,Tuesday,Tuesday,non_weekend_intraday,both endpoints are Monday-Friday; duration is below the configured large-gap threshold; interval is within one UTC date
1142,2023-05-30T20:45:00Z,2023-05-30T22:00:00Z,75.0,4,True,False,Tuesday,Tuesday,non_weekend_intraday,both endpoints are Monday-Friday; duration is below the configured large-gap threshold; interval is within one UTC date
1143,2023-05-30T22:45:00Z,2023-05-31T00:00:00Z,75.0,4,True,True,Tuesday,Wednesday,non_weekend_intraday,both endpoints are Monday-Friday; duration is below the configured large-gap threshold; interval crosses a UTC date
1144,2023-05-31T09:45:00Z,2023-05-31T11:00:00Z,75.0,4,True,False,Wednesday,Wednesday,non_weekend_intraday,both endpoints are Monday-Friday; duration is below the configured large-gap threshold; interval is within one UTC date
1145,2023-05-31T11:45:00Z,2023-05-31T13:00:00Z,75.0,4,True,False,Wednesday,Wednesday,non_weekend_intraday,both endpoints are Monday-Friday; duration is below the configured large-gap threshold; interval is within one UTC date
1146,2023-05-31T13:45:00Z,2023-05-31T15:00:00Z,75.0,4,True,False,Wednesday,Wednesday,non_weekend_intraday,both endpoints are Monday-Friday; duration is below the configured large-gap threshold; interval is within one UTC date
1147,2023-05-31T15:45:00Z,2023-05-31T17:00:00Z,75.0,4,True,False,Wednesday,Wednesday,non_weekend_intraday,both endpoints are Monday-Friday; duration is below the configured large-gap threshold; interval is within one UTC date
1148,2023-05-31T17:45:00Z,2023-05-31T19:00:00Z,75.0,4,True,False,Wednesday,Wednesday,non_weekend_intraday,both endpoints are Monday-Friday; duration is below the configured large-gap threshold; interval is within one UTC date
1149,2023-05-31T19:45:00Z,2023-05-31T21:00:00Z,75.0,4,True,False,Wednesday,Wednesday,non_weekend_intraday,both endpoints are Monday-Friday; duration is below the configured large-gap threshold; interval is within one UTC date
1150,2023-05-31T21:45:00Z,2023-05-31T23:00:00Z,75.0,4,True,False,Wednesday,Wednesday,non_weekend_intraday,both endpoints are Monday-Friday; duration is below the configured large-gap threshold; interval is within one UTC date
1151,2023-06-01T10:45:00Z,2023-06-01T12:00:00Z,75.0,4,True,False,Thursday,Thursday,non_weekend_intraday,both endpoints are Monday-Friday; duration is below the configured large-gap threshold; interval is within one UTC date
1152,2023-06-01T12:45:00Z,2023-06-01T14:00:00Z,75.0,4,True,False,Thursday,Thursday,non_weekend_intraday,both endpoints are Monday-Friday; duration is below the configured large-gap threshold; interval is within one UTC date
1153,2023-06-01T14:45:00Z,2023-06-01T16:00:00Z,75.0,4,True,False,Thursday,Thursday,non_weekend_intraday,both endpoints are Monday-Friday; duration is below the configured large-gap threshold; interval is within one UTC date
1154,2023-06-01T16:45:00Z,2023-06-01T18:00:00Z,75.0,4,True,False,Thursday,Thursday,non_weekend_intraday,both endpoints are Monday-Friday; duration is below the configured large-gap threshold; interval is within one UTC date
1155,2023-06-01T18:45:00Z,2023-06-01T20:00:00Z,75.0,4,True,False,Thursday,Thursday,non_weekend_intraday,both endpoints are Monday-Friday; duration is below the configured large-gap threshold; interval is within one UTC date
1156,2023-06-01T20:45:00Z,2023-06-01T22:00:00Z,75.0,4,True,False,Thursday,Thursday,non_weekend_intraday,both endpoints are Monday-Friday; duration is below the configured large-gap threshold; interval is within one UTC date
1157,2023-06-01T22:45:00Z,2023-06-02T00:00:00Z,75.0,4,True,True,Thursday,Friday,non_weekend_intraday,both endpoints are Monday-Friday; duration is below the configured large-gap threshold; interval crosses a UTC date
1158,2023-06-02T10:45:00Z,2023-06-02T13:00:00Z,135.0,8,True,False,Friday,Friday,non_weekend_intraday,both endpoints are Monday-Friday; duration is below the configured large-gap threshold; interval is within one UTC date
1159,2023-06-02T13:45:00Z,2023-06-02T15:00:00Z,75.0,4,True,False,Friday,Friday,non_weekend_intraday,both endpoints are Monday-Friday; duration is below the configured large-gap threshold; interval is within one UTC date
1160,2023-06-02T16:45:00Z,2023-06-02T18:00:00Z,75.0,4,True,False,Friday,Friday,non_weekend_intraday,both endpoints are Monday-Friday; duration is below the configured large-gap threshold; interval is within one UTC date
1161,2023-06-02T18:45:00Z,2023-06-02T20:00:00Z,75.0,4,True,False,Friday,Friday,non_weekend_intraday,both endpoints are Monday-Friday; duration is below the configured large-gap threshold; interval is within one UTC date
1162,2023-06-02T20:45:00Z,2023-06-04T21:00:00Z,2895.0,192,True,True,Friday,Sunday,likely_weekly_closure,duration >= 1440 configured minutes; Friday/Saturday before and Sunday/Monday after
1163,2023-06-04T21:45:00Z,2023-06-04T23:00:00Z,75.0,4,True,False,Sunday,Sunday,unclassified,interval does not satisfy the configured descriptive category rules
1164,2023-06-05T10:45:00Z,2023-06-05T13:00:00Z,135.0,8,True,False,Monday,Monday,non_weekend_intraday,both endpoints are Monday-Friday; duration is below the configured large-gap threshold; interval is within one UTC date
1165,2023-06-05T13:45:00Z,2023-06-05T15:00:00Z,75.0,4,True,False,Monday,Monday,non_weekend_intraday,both endpoints are Monday-Friday; duration is below the configured large-gap threshold; interval is within one UTC date
1166,2023-06-05T15:45:00Z,2023-06-05T17:00:00Z,75.0,4,True,False,Monday,Monday,non_weekend_intraday,both endpoints are Monday-Friday; duration is below the configured large-gap threshold; interval is within one UTC date
1167,2023-06-05T17:45:00Z,2023-06-05T19:00:00Z,75.0,4,True,False,Monday,Monday,non_weekend_intraday,both endpoints are Monday-Friday; duration is below the configured large-gap threshold; interval is within one UTC date
1168,2023-06-05T19:45:00Z,2023-06-05T21:00:00Z,75.0,4,True,False,Monday,Monday,non_weekend_intraday,both endpoints are Monday-Friday; duration is below the configured large-gap threshold; interval is within one UTC date
1169,2023-06-05T22:45:00Z,2023-06-06T00:00:00Z,75.0,4,True,True,Monday,Tuesday,non_weekend_intraday,both endpoints are Monday-Friday; duration is below the configured large-gap threshold; interval crosses a UTC date
1170,2023-06-06T10:45:00Z,2023-06-06T12:00:00Z,75.0,4,True,False,Tuesday,Tuesday,non_weekend_intraday,both endpoints are Monday-Friday; duration is below the configured large-gap threshold; interval is within one UTC date
1171,2023-06-06T12:45:00Z,2023-06-06T15:00:00Z,135.0,8,True,False,Tuesday,Tuesday,non_weekend_intraday,both endpoints are Monday-Friday; duration is below the configured large-gap threshold; interval is within one UTC date
1172,2023-06-06T15:45:00Z,2023-06-06T17:00:00Z,75.0,4,True,False,Tuesday,Tuesday,non_weekend_intraday,both endpoints are Monday-Friday; duration is below the configured large-gap threshold; interval is within one UTC date
1173,2023-06-06T17:45:00Z,2023-06-06T19:00:00Z,75.0,4,True,False,Tuesday,Tuesday,non_weekend_intraday,both endpoints are Monday-Friday; duration is below the configured large-gap threshold; interval is within one UTC date
1174,2023-06-06T19:45:00Z,2023-06-06T21:00:00Z,75.0,4,True,False,Tuesday,Tuesday,non_weekend_intraday,both endpoints are Monday-Friday; duration is below the configured large-gap threshold; interval is within one UTC date
1175,2023-06-06T22:45:00Z,2023-06-07T00:00:00Z,75.0,4,True,True,Tuesday,Wednesday,non_weekend_intraday,both endpoints are Monday-Friday; duration is below the configured large-gap threshold; interval crosses a UTC date
1176,2023-06-07T08:45:00Z,2023-06-07T10:00:00Z,75.0,4,True,False,Wednesday,Wednesday,non_weekend_intraday,both endpoints are Monday-Friday; duration is below the configured large-gap threshold; interval is within one UTC date
1177,2023-06-07T11:45:00Z,2023-06-07T14:00:00Z,135.0,8,True,False,Wednesday,Wednesday,non_weekend_intraday,both endpoints are Monday-Friday; duration is below the configured large-gap threshold; interval is within one UTC date
1178,2023-06-07T14:45:00Z,2023-06-07T16:00:00Z,75.0,4,True,False,Wednesday,Wednesday,non_weekend_intraday,both endpoints are Monday-Friday; duration is below the configured large-gap threshold; interval is within one UTC date
1179,2023-06-07T16:45:00Z,2023-06-07T18:00:00Z,75.0,4,True,False,Wednesday,Wednesday,non_weekend_intraday,both endpoints are Monday-Friday; duration is below the configured large-gap threshold; interval is within one UTC date
1180,2023-06-07T18:45:00Z,2023-06-07T20:00:00Z,75.0,4,True,False,Wednesday,Wednesday,non_weekend_intraday,both endpoints are Monday-Friday; duration is below the configured large-gap threshold; interval is within one UTC date
1181,2023-06-07T20:45:00Z,2023-06-07T22:00:00Z,75.0,4,True,False,Wednesday,Wednesday,non_weekend_intraday,both endpoints are Monday-Friday; duration is below the configured large-gap threshold; interval is within one UTC date
1182,2023-06-08T09:45:00Z,2023-06-08T11:00:00Z,75.0,4,True,False,Thursday,Thursday,non_weekend_intraday,both endpoints are Monday-Friday; duration is below the configured large-gap threshold; interval is within one UTC date
1183,2023-06-08T12:45:00Z,2023-06-08T15:00:00Z,135.0,8,True,False,Thursday,Thursday,non_weekend_intraday,both endpoints are Monday-Friday; duration is below the configured large-gap threshold; interval is within one UTC date
1184,2023-06-08T15:45:00Z,2023-06-08T17:00:00Z,75.0,4,True,False,Thursday,Thursday,non_weekend_intraday,both endpoints are Monday-Friday; duration is below the configured large-gap threshold; interval is within one UTC date
1185,2023-06-08T17:45:00Z,2023-06-08T19:00:00Z,75.0,4,True,False,Thursday,Thursday,non_weekend_intraday,both endpoints are Monday-Friday; duration is below the configured large-gap threshold; interval is within one UTC date
1186,2023-06-08T19:45:00Z,2023-06-08T21:00:00Z,75.0,4,True,False,Thursday,Thursday,non_weekend_intraday,both endpoints are Monday-Friday; duration is below the configured large-gap threshold; interval is within one UTC date
1187,2023-06-08T21:45:00Z,2023-06-08T23:00:00Z,75.0,4,True,False,Thursday,Thursday,non_weekend_intraday,both endpoints are Monday-Friday; duration is below the configured large-gap threshold; interval is within one UTC date
1188,2023-06-09T09:45:00Z,2023-06-09T11:00:00Z,75.0,4,True,False,Friday,Friday,non_weekend_intraday,both endpoints are Monday-Friday; duration is below the configured large-gap threshold; interval is within one UTC date
1189,2023-06-09T12:45:00Z,2023-06-09T14:00:00Z,75.0,4,True,False,Friday,Friday,non_weekend_intraday,both endpoints are Monday-Friday; duration is below the configured large-gap threshold; interval is within one UTC date
1190,2023-06-09T14:45:00Z,2023-06-09T16:00:00Z,75.0,4,True,False,Friday,Friday,non_weekend_intraday,both endpoints are Monday-Friday; duration is below the configured large-gap threshold; interval is within one UTC date
1191,2023-06-09T16:45:00Z,2023-06-09T19:00:00Z,135.0,8,True,False,Friday,Friday,non_weekend_intraday,both endpoints are Monday-Friday; duration is below the configured large-gap threshold; interval is within one UTC date
1192,2023-06-09T19:45:00Z,2023-06-11T22:00:00Z,3015.0,200,True,True,Friday,Sunday,likely_weekly_closure,duration >= 1440 configured minutes; Friday/Saturday before and Sunday/Monday after
1193,2023-06-11T22:45:00Z,2023-06-12T00:00:00Z,75.0,4,True,True,Sunday,Monday,unclassified,interval does not satisfy the configured descriptive category rules
1194,2023-06-12T09:45:00Z,2023-06-12T11:00:00Z,75.0,4,True,False,Monday,Monday,non_weekend_intraday,both endpoints are Monday-Friday; duration is below the configured large-gap threshold; interval is within one UTC date
1195,2023-06-12T11:45:00Z,2023-06-12T13:00:00Z,75.0,4,True,False,Monday,Monday,non_weekend_intraday,both endpoints are Monday-Friday; duration is below the configured large-gap threshold; interval is within one UTC date
1196,2023-06-12T13:45:00Z,2023-06-12T15:00:00Z,75.0,4,True,False,Monday,Monday,non_weekend_intraday,both endpoints are Monday-Friday; duration is below the configured large-gap threshold; interval is within one UTC date
1197,2023-06-12T15:45:00Z,2023-06-12T17:00:00Z,75.0,4,True,False,Monday,Monday,non_weekend_intraday,both endpoints are Monday-Friday; duration is below the configured large-gap threshold; interval is within one UTC date
1198,2023-06-12T17:45:00Z,2023-06-12T19:00:00Z,75.0,4,True,False,Monday,Monday,non_weekend_intraday,both endpoints are Monday-Friday; duration is below the configured large-gap threshold; interval is within one UTC date
1199,2023-06-12T19:45:00Z,2023-06-12T21:00:00Z,75.0,4,True,False,Monday,Monday,non_weekend_intraday,both endpoints are Monday-Friday; duration is below the configured large-gap threshold; interval is within one UTC date
1200,2023-06-12T21:45:00Z,2023-06-12T23:00:00Z,75.0,4,True,False,Monday,Monday,non_weekend_intraday,both endpoints are Monday-Friday; duration is below the configured large-gap threshold; interval is within one UTC date
1201,2023-06-13T10:45:00Z,2023-06-13T12:00:00Z,75.0,4,True,False,Tuesday,Tuesday,non_weekend_intraday,both endpoints are Monday-Friday; duration is below the configured large-gap threshold; interval is within one UTC date
1202,2023-06-13T12:45:00Z,2023-06-13T14:00:00Z,75.0,4,True,False,Tuesday,Tuesday,non_weekend_intraday,both endpoints are Monday-Friday; duration is below the configured large-gap threshold; interval is within one UTC date
1203,2023-06-13T14:45:00Z,2023-06-13T16:00:00Z,75.0,4,True,False,Tuesday,Tuesday,non_weekend_intraday,both endpoints are Monday-Friday; duration is below the configured large-gap threshold; interval is within one UTC date
1204,2023-06-13T16:45:00Z,2023-06-13T18:00:00Z,75.0,4,True,False,Tuesday,Tuesday,non_weekend_intraday,both endpoints are Monday-Friday; duration is below the configured large-gap threshold; interval is within one UTC date
1205,2023-06-13T18:45:00Z,2023-06-13T20:00:00Z,75.0,4,True,False,Tuesday,Tuesday,non_weekend_intraday,both endpoints are Monday-Friday; duration is below the configured large-gap threshold; interval is within one UTC date
1206,2023-06-13T20:45:00Z,2023-06-13T22:00:00Z,75.0,4,True,False,Tuesday,Tuesday,non_weekend_intraday,both endpoints are Monday-Friday; duration is below the configured large-gap threshold; interval is within one UTC date
1207,2023-06-13T22:45:00Z,2023-06-14T00:00:00Z,75.0,4,True,True,Tuesday,Wednesday,non_weekend_intraday,both endpoints are Monday-Friday; duration is below the configured large-gap threshold; interval crosses a UTC date
1208,2023-06-14T10:45:00Z,2023-06-14T12:00:00Z,75.0,4,True,False,Wednesday,Wednesday,non_weekend_intraday,both endpoints are Monday-Friday; duration is below the configured large-gap threshold; interval is within one UTC date
1209,2023-06-14T12:45:00Z,2023-06-14T14:00:00Z,75.0,4,True,False,Wednesday,Wednesday,non_weekend_intraday,both endpoints are Monday-Friday; duration is below the configured large-gap threshold; interval is within one UTC date
1210,2023-06-14T14:45:00Z,2023-06-14T16:00:00Z,75.0,4,True,False,Wednesday,Wednesday,non_weekend_intraday,both endpoints are Monday-Friday; duration is below the configured large-gap threshold; interval is within one UTC date
1211,2023-06-14T16:45:00Z,2023-06-14T18:00:00Z,75.0,4,True,False,Wednesday,Wednesday,non_weekend_intraday,both endpoints are Monday-Friday; duration is below the configured large-gap threshold; interval is within one UTC date
1212,2023-06-14T18:45:00Z,2023-06-14T20:00:00Z,75.0,4,True,False,Wednesday,Wednesday,non_weekend_intraday,both endpoints are Monday-Friday; duration is below the configured large-gap threshold; interval is within one UTC date
1213,2023-06-14T20:45:00Z,2023-06-14T22:00:00Z,75.0,4,True,False,Wednesday,Wednesday,non_weekend_intraday,both endpoints are Monday-Friday; duration is below the configured large-gap threshold; interval is within one UTC date
1214,2023-06-14T22:45:00Z,2023-06-15T00:00:00Z,75.0,4,True,True,Wednesday,Thursday,non_weekend_intraday,both endpoints are Monday-Friday; duration is below the configured large-gap threshold; interval crosses a UTC date
1215,2023-06-15T10:45:00Z,2023-06-15T12:00:00Z,75.0,4,True,False,Thursday,Thursday,non_weekend_intraday,both endpoints are Monday-Friday; duration is below the configured large-gap threshold; interval is within one UTC date
1216,2023-06-15T12:45:00Z,2023-06-15T14:00:00Z,75.0,4,True,False,Thursday,Thursday,non_weekend_intraday,both endpoints are Monday-Friday; duration is below the configured large-gap threshold; interval is within one UTC date
1217,2023-06-15T14:45:00Z,2023-06-15T16:00:00Z,75.0,4,True,False,Thursday,Thursday,non_weekend_intraday,both endpoints are Monday-Friday; duration is below the configured large-gap threshold; interval is within one UTC date
1218,2023-06-15T17:45:00Z,2023-06-15T20:00:00Z,135.0,8,True,False,Thursday,Thursday,non_weekend_intraday,both endpoints are Monday-Friday; duration is below the configured large-gap threshold; interval is within one UTC date
1219,2023-06-15T20:45:00Z,2023-06-15T22:00:00Z,75.0,4,True,False,Thursday,Thursday,non_weekend_intraday,both endpoints are Monday-Friday; duration is below the configured large-gap threshold; interval is within one UTC date
1220,2023-06-15T22:45:00Z,2023-06-16T00:00:00Z,75.0,4,True,True,Thursday,Friday,non_weekend_intraday,both endpoints are Monday-Friday; duration is below the configured large-gap threshold; interval crosses a UTC date
1221,2023-06-16T09:45:00Z,2023-06-16T11:00:00Z,75.0,4,True,False,Friday,Friday,non_weekend_intraday,both endpoints are Monday-Friday; duration is below the configured large-gap threshold; interval is within one UTC date
1222,2023-06-16T11:45:00Z,2023-06-16T13:00:00Z,75.0,4,True,False,Friday,Friday,non_weekend_intraday,both endpoints are Monday-Friday; duration is below the configured large-gap threshold; interval is within one UTC date
1223,2023-06-16T13:45:00Z,2023-06-16T15:00:00Z,75.0,4,True,False,Friday,Friday,non_weekend_intraday,both endpoints are Monday-Friday; duration is below the configured large-gap threshold; interval is within one UTC date
1224,2023-06-16T16:45:00Z,2023-06-16T19:00:00Z,135.0,8,True,False,Friday,Friday,non_weekend_intraday,both endpoints are Monday-Friday; duration is below the configured large-gap threshold; interval is within one UTC date
1225,2023-06-16T19:45:00Z,2023-06-18T23:00:00Z,3075.0,204,True,True,Friday,Sunday,likely_weekly_closure,duration >= 1440 configured minutes; Friday/Saturday before and Sunday/Monday after
1226,2023-06-19T09:45:00Z,2023-06-19T11:00:00Z,75.0,4,True,False,Monday,Monday,non_weekend_intraday,both endpoints are Monday-Friday; duration is below the configured large-gap threshold; interval is within one UTC date
1227,2023-06-19T11:45:00Z,2023-06-19T13:00:00Z,75.0,4,True,False,Monday,Monday,non_weekend_intraday,both endpoints are Monday-Friday; duration is below the configured large-gap threshold; interval is within one UTC date
1228,2023-06-19T13:45:00Z,2023-06-19T15:00:00Z,75.0,4,True,False,Monday,Monday,non_weekend_intraday,both endpoints are Monday-Friday; duration is below the configured large-gap threshold; interval is within one UTC date
1229,2023-06-19T15:45:00Z,2023-06-19T17:00:00Z,75.0,4,True,False,Monday,Monday,non_weekend_intraday,both endpoints are Monday-Friday; duration is below the configured large-gap threshold; interval is within one UTC date
1230,2023-06-19T17:45:00Z,2023-06-19T19:00:00Z,75.0,4,True,False,Monday,Monday,non_weekend_intraday,both endpoints are Monday-Friday; duration is below the configured large-gap threshold; interval is within one UTC date
1231,2023-06-19T19:45:00Z,2023-06-19T21:00:00Z,75.0,4,True,False,Monday,Monday,non_weekend_intraday,both endpoints are Monday-Friday; duration is below the configured large-gap threshold; interval is within one UTC date
1232,2023-06-19T21:45:00Z,2023-06-19T23:00:00Z,75.0,4,True,False,Monday,Monday,non_weekend_intraday,both endpoints are Monday-Friday; duration is below the configured large-gap threshold; interval is within one UTC date
1233,2023-06-20T10:45:00Z,2023-06-20T13:00:00Z,135.0,8,True,False,Tuesday,Tuesday,non_weekend_intraday,both endpoints are Monday-Friday; duration is below the configured large-gap threshold; interval is within one UTC date
1234,2023-06-20T13:45:00Z,2023-06-20T15:00:00Z,75.0,4,True,False,Tuesday,Tuesday,non_weekend_intraday,both endpoints are Monday-Friday; duration is below the configured large-gap threshold; interval is within one UTC date
1235,2023-06-20T15:45:00Z,2023-06-20T17:00:00Z,75.0,4,True,False,Tuesday,Tuesday,non_weekend_intraday,both endpoints are Monday-Friday; duration is below the configured large-gap threshold; interval is within one UTC date
1236,2023-06-20T18:45:00Z,2023-06-20T21:00:00Z,135.0,8,True,False,Tuesday,Tuesday,non_weekend_intraday,both endpoints are Monday-Friday; duration is below the configured large-gap threshold; interval is within one UTC date
1237,2023-06-20T21:45:00Z,2023-06-20T23:00:00Z,75.0,4,True,False,Tuesday,Tuesday,non_weekend_intraday,both endpoints are Monday-Friday; duration is below the configured large-gap threshold; interval is within one UTC date
1238,2023-06-21T08:45:00Z,2023-06-21T10:00:00Z,75.0,4,True,False,Wednesday,Wednesday,non_weekend_intraday,both endpoints are Monday-Friday; duration is below the configured large-gap threshold; interval is within one UTC date
1239,2023-06-21T10:45:00Z,2023-06-21T12:00:00Z,75.0,4,True,False,Wednesday,Wednesday,non_weekend_intraday,both endpoints are Monday-Friday; duration is below the configured large-gap threshold; interval is within one UTC date
1240,2023-06-21T12:45:00Z,2023-06-21T14:00:00Z,75.0,4,True,False,Wednesday,Wednesday,non_weekend_intraday,both endpoints are Monday-Friday; duration is below the configured large-gap threshold; interval is within one UTC date
1241,2023-06-21T14:45:00Z,2023-06-21T16:00:00Z,75.0,4,True,False,Wednesday,Wednesday,non_weekend_intraday,both endpoints are Monday-Friday; duration is below the configured large-gap threshold; interval is within one UTC date
1242,2023-06-21T16:45:00Z,2023-06-21T18:00:00Z,75.0,4,True,False,Wednesday,Wednesday,non_weekend_intraday,both endpoints are Monday-Friday; duration is below the configured large-gap threshold; interval is within one UTC date
1243,2023-06-21T18:45:00Z,2023-06-21T20:00:00Z,75.0,4,True,False,Wednesday,Wednesday,non_weekend_intraday,both endpoints are Monday-Friday; duration is below the configured large-gap threshold; interval is within one UTC date
1244,2023-06-21T20:45:00Z,2023-06-21T22:00:00Z,75.0,4,True,False,Wednesday,Wednesday,non_weekend_intraday,both endpoints are Monday-Friday; duration is below the configured large-gap threshold; interval is within one UTC date
1245,2023-06-21T22:45:00Z,2023-06-22T00:00:00Z,75.0,4,True,True,Wednesday,Thursday,non_weekend_intraday,both endpoints are Monday-Friday; duration is below the configured large-gap threshold; interval crosses a UTC date
1246,2023-06-22T10:45:00Z,2023-06-22T13:00:00Z,135.0,8,True,False,Thursday,Thursday,non_weekend_intraday,both endpoints are Monday-Friday; duration is below the configured large-gap threshold; interval is within one UTC date
1247,2023-06-22T13:45:00Z,2023-06-22T15:00:00Z,75.0,4,True,False,Thursday,Thursday,non_weekend_intraday,both endpoints are Monday-Friday; duration is below the configured large-gap threshold; interval is within one UTC date
1248,2023-06-22T15:45:00Z,2023-06-22T17:00:00Z,75.0,4,True,False,Thursday,Thursday,non_weekend_intraday,both endpoints are Monday-Friday; duration is below the configured large-gap threshold; interval is within one UTC date
1249,2023-06-22T17:45:00Z,2023-06-22T19:00:00Z,75.0,4,True,False,Thursday,Thursday,non_weekend_intraday,both endpoints are Monday-Friday; duration is below the configured large-gap threshold; interval is within one UTC date
1250,2023-06-22T19:45:00Z,2023-06-22T21:00:00Z,75.0,4,True,False,Thursday,Thursday,non_weekend_intraday,both endpoints are Monday-Friday; duration is below the configured large-gap threshold; interval is within one UTC date
1251,2023-06-22T22:45:00Z,2023-06-23T00:00:00Z,75.0,4,True,True,Thursday,Friday,non_weekend_intraday,both endpoints are Monday-Friday; duration is below the configured large-gap threshold; interval crosses a UTC date
1252,2023-06-23T10:45:00Z,2023-06-23T12:00:00Z,75.0,4,True,False,Friday,Friday,non_weekend_intraday,both endpoints are Monday-Friday; duration is below the configured large-gap threshold; interval is within one UTC date
1253,2023-06-23T12:45:00Z,2023-06-23T14:00:00Z,75.0,4,True,False,Friday,Friday,non_weekend_intraday,both endpoints are Monday-Friday; duration is below the configured large-gap threshold; interval is within one UTC date
1254,2023-06-23T14:45:00Z,2023-06-23T16:00:00Z,75.0,4,True,False,Friday,Friday,non_weekend_intraday,both endpoints are Monday-Friday; duration is below the configured large-gap threshold; interval is within one UTC date
1255,2023-06-23T16:45:00Z,2023-06-23T18:00:00Z,75.0,4,True,False,Friday,Friday,non_weekend_intraday,both endpoints are Monday-Friday; duration is below the configured large-gap threshold; interval is within one UTC date
1256,2023-06-23T18:45:00Z,2023-06-25T21:00:00Z,3015.0,200,True,True,Friday,Sunday,likely_weekly_closure,duration >= 1440 configured minutes; Friday/Saturday before and Sunday/Monday after
1257,2023-06-25T21:45:00Z,2023-06-25T23:00:00Z,75.0,4,True,False,Sunday,Sunday,unclassified,interval does not satisfy the configured descriptive category rules
1258,2023-06-26T09:45:00Z,2023-06-26T11:00:00Z,75.0,4,True,False,Monday,Monday,non_weekend_intraday,both endpoints are Monday-Friday; duration is below the configured large-gap threshold; interval is within one UTC date
1259,2023-06-26T11:45:00Z,2023-06-26T13:00:00Z,75.0,4,True,False,Monday,Monday,non_weekend_intraday,both endpoints are Monday-Friday; duration is below the configured large-gap threshold; interval is within one UTC date
1260,2023-06-26T13:45:00Z,2023-06-26T15:00:00Z,75.0,4,True,False,Monday,Monday,non_weekend_intraday,both endpoints are Monday-Friday; duration is below the configured large-gap threshold; interval is within one UTC date
1261,2023-06-26T16:45:00Z,2023-06-26T19:00:00Z,135.0,8,True,False,Monday,Monday,non_weekend_intraday,both endpoints are Monday-Friday; duration is below the configured large-gap threshold; interval is within one UTC date
1262,2023-06-26T20:45:00Z,2023-06-26T23:00:00Z,135.0,8,True,False,Monday,Monday,non_weekend_intraday,both endpoints are Monday-Friday; duration is below the configured large-gap threshold; interval is within one UTC date
1263,2023-06-27T10:45:00Z,2023-06-27T13:00:00Z,135.0,8,True,False,Tuesday,Tuesday,non_weekend_intraday,both endpoints are Monday-Friday; duration is below the configured large-gap threshold; interval is within one UTC date
1264,2023-06-27T13:45:00Z,2023-06-27T15:00:00Z,75.0,4,True,False,Tuesday,Tuesday,non_weekend_intraday,both endpoints are Monday-Friday; duration is below the configured large-gap threshold; interval is within one UTC date
1265,2023-06-27T15:45:00Z,2023-06-27T17:00:00Z,75.0,4,True,False,Tuesday,Tuesday,non_weekend_intraday,both endpoints are Monday-Friday; duration is below the configured large-gap threshold; interval is within one UTC date
1266,2023-06-27T17:45:00Z,2023-06-27T19:00:00Z,75.0,4,True,False,Tuesday,Tuesday,non_weekend_intraday,both endpoints are Monday-Friday; duration is below the configured large-gap threshold; interval is within one UTC date
1267,2023-06-27T19:45:00Z,2023-06-27T21:00:00Z,75.0,4,True,False,Tuesday,Tuesday,non_weekend_intraday,both endpoints are Monday-Friday; duration is below the configured large-gap threshold; interval is within one UTC date
1268,2023-06-27T21:45:00Z,2023-06-27T23:00:00Z,75.0,4,True,False,Tuesday,Tuesday,non_weekend_intraday,both endpoints are Monday-Friday; duration is below the configured large-gap threshold; interval is within one UTC date
1269,2023-06-28T08:45:00Z,2023-06-28T10:00:00Z,75.0,4,True,False,Wednesday,Wednesday,non_weekend_intraday,both endpoints are Monday-Friday; duration is below the configured large-gap threshold; interval is within one UTC date
1270,2023-06-28T10:45:00Z,2023-06-28T12:00:00Z,75.0,4,True,False,Wednesday,Wednesday,non_weekend_intraday,both endpoints are Monday-Friday; duration is below the configured large-gap threshold; interval is within one UTC date
1271,2023-06-28T12:45:00Z,2023-06-28T14:00:00Z,75.0,4,True,False,Wednesday,Wednesday,non_weekend_intraday,both endpoints are Monday-Friday; duration is below the configured large-gap threshold; interval is within one UTC date
1272,2023-06-28T14:45:00Z,2023-06-28T16:00:00Z,75.0,4,True,False,Wednesday,Wednesday,non_weekend_intraday,both endpoints are Monday-Friday; duration is below the configured large-gap threshold; interval is within one UTC date
1273,2023-06-28T16:45:00Z,2023-06-28T18:00:00Z,75.0,4,True,False,Wednesday,Wednesday,non_weekend_intraday,both endpoints are Monday-Friday; duration is below the configured large-gap threshold; interval is within one UTC date
1274,2023-06-28T18:45:00Z,2023-06-28T20:00:00Z,75.0,4,True,False,Wednesday,Wednesday,non_weekend_intraday,both endpoints are Monday-Friday; duration is below the configured large-gap threshold; interval is within one UTC date
1275,2023-06-28T20:45:00Z,2023-06-28T22:00:00Z,75.0,4,True,False,Wednesday,Wednesday,non_weekend_intraday,both endpoints are Monday-Friday; duration is below the configured large-gap threshold; interval is within one UTC date
1276,2023-06-28T22:45:00Z,2023-06-29T00:00:00Z,75.0,4,True,True,Wednesday,Thursday,non_weekend_intraday,both endpoints are Monday-Friday; duration is below the configured large-gap threshold; interval crosses a UTC date
1277,2023-06-29T10:45:00Z,2023-06-29T12:00:00Z,75.0,4,True,False,Thursday,Thursday,non_weekend_intraday,both endpoints are Monday-Friday; duration is below the configured large-gap threshold; interval is within one UTC date
1278,2023-06-29T12:45:00Z,2023-06-29T14:00:00Z,75.0,4,True,False,Thursday,Thursday,non_weekend_intraday,both endpoints are Monday-Friday; duration is below the configured large-gap threshold; interval is within one UTC date
1279,2023-06-29T14:45:00Z,2023-06-29T16:00:00Z,75.0,4,True,False,Thursday,Thursday,non_weekend_intraday,both endpoints are Monday-Friday; duration is below the configured large-gap threshold; interval is within one UTC date
1280,2023-06-29T16:45:00Z,2023-06-29T18:00:00Z,75.0,4,True,False,Thursday,Thursday,non_weekend_intraday,both endpoints are Monday-Friday; duration is below the configured large-gap threshold; interval is within one UTC date
1281,2023-06-29T18:45:00Z,2023-06-29T21:00:00Z,135.0,8,True,False,Thursday,Thursday,non_weekend_intraday,both endpoints are Monday-Friday; duration is below the configured large-gap threshold; interval is within one UTC date
1282,2023-06-29T22:45:00Z,2023-06-30T00:00:00Z,75.0,4,True,True,Thursday,Friday,non_weekend_intraday,both endpoints are Monday-Friday; duration is below the configured large-gap threshold; interval crosses a UTC date
1283,2023-06-30T09:45:00Z,2023-06-30T11:00:00Z,75.0,4,True,False,Friday,Friday,non_weekend_intraday,both endpoints are Monday-Friday; duration is below the configured large-gap threshold; interval is within one UTC date
1284,2023-06-30T11:45:00Z,2023-06-30T13:00:00Z,75.0,4,True,False,Friday,Friday,non_weekend_intraday,both endpoints are Monday-Friday; duration is below the configured large-gap threshold; interval is within one UTC date
1285,2023-06-30T13:45:00Z,2023-06-30T15:00:00Z,75.0,4,True,False,Friday,Friday,non_weekend_intraday,both endpoints are Monday-Friday; duration is below the configured large-gap threshold; interval is within one UTC date
1286,2023-06-30T16:45:00Z,2023-06-30T18:00:00Z,75.0,4,True,False,Friday,Friday,non_weekend_intraday,both endpoints are Monday-Friday; duration is below the configured large-gap threshold; interval is within one UTC date
1287,2023-06-30T18:45:00Z,2023-06-30T20:00:00Z,75.0,4,True,False,Friday,Friday,non_weekend_intraday,both endpoints are Monday-Friday; duration is below the configured large-gap threshold; interval is within one UTC date
1288,2023-06-30T20:45:00Z,2023-07-02T22:00:00Z,2955.0,196,True,True,Friday,Sunday,likely_weekly_closure,duration >= 1440 configured minutes; Friday/Saturday before and Sunday/Monday after
1289,2023-07-02T22:45:00Z,2023-07-03T00:00:00Z,75.0,4,True,True,Sunday,Monday,unclassified,interval does not satisfy the configured descriptive category rules
1290,2023-07-03T09:45:00Z,2023-07-03T11:00:00Z,75.0,4,True,False,Monday,Monday,non_weekend_intraday,both endpoints are Monday-Friday; duration is below the configured large-gap threshold; interval is within one UTC date
1291,2023-07-03T11:45:00Z,2023-07-03T13:00:00Z,75.0,4,True,False,Monday,Monday,non_weekend_intraday,both endpoints are Monday-Friday; duration is below the configured large-gap threshold; interval is within one UTC date
1292,2023-07-03T14:45:00Z,2023-07-03T17:00:00Z,135.0,8,True,False,Monday,Monday,non_weekend_intraday,both endpoints are Monday-Friday; duration is below the configured large-gap threshold; interval is within one UTC date
1293,2023-07-03T18:45:00Z,2023-07-03T20:00:00Z,75.0,4,True,False,Monday,Monday,non_weekend_intraday,both endpoints are Monday-Friday; duration is below the configured large-gap threshold; interval is within one UTC date
1294,2023-07-03T20:45:00Z,2023-07-03T23:00:00Z,135.0,8,True,False,Monday,Monday,non_weekend_intraday,both endpoints are Monday-Friday; duration is below the configured large-gap threshold; interval is within one UTC date
1295,2023-07-04T10:45:00Z,2023-07-04T12:00:00Z,75.0,4,True,False,Tuesday,Tuesday,non_weekend_intraday,both endpoints are Monday-Friday; duration is below the configured large-gap threshold; interval is within one UTC date
1296,2023-07-04T12:45:00Z,2023-07-04T14:00:00Z,75.0,4,True,False,Tuesday,Tuesday,non_weekend_intraday,both endpoints are Monday-Friday; duration is below the configured large-gap threshold; interval is within one UTC date
1297,2023-07-04T14:45:00Z,2023-07-04T17:00:00Z,135.0,8,True,False,Tuesday,Tuesday,non_weekend_intraday,both endpoints are Monday-Friday; duration is below the configured large-gap threshold; interval is within one UTC date
1298,2023-07-04T18:45:00Z,2023-07-04T21:00:00Z,135.0,8,True,False,Tuesday,Tuesday,non_weekend_intraday,both endpoints are Monday-Friday; duration is below the configured large-gap threshold; interval is within one UTC date
1299,2023-07-04T22:45:00Z,2023-07-05T00:00:00Z,75.0,4,True,True,Tuesday,Wednesday,non_weekend_intraday,both endpoints are Monday-Friday; duration is below the configured large-gap threshold; interval crosses a UTC date
1300,2023-07-05T10:45:00Z,2023-07-05T12:00:00Z,75.0,4,True,False,Wednesday,Wednesday,non_weekend_intraday,both endpoints are Monday-Friday; duration is below the configured large-gap threshold; interval is within one UTC date
1301,2023-07-05T12:45:00Z,2023-07-05T14:00:00Z,75.0,4,True,False,Wednesday,Wednesday,non_weekend_intraday,both endpoints are Monday-Friday; duration is below the configured large-gap threshold; interval is within one UTC date
1302,2023-07-05T14:45:00Z,2023-07-05T17:00:00Z,135.0,8,True,False,Wednesday,Wednesday,non_weekend_intraday,both endpoints are Monday-Friday; duration is below the configured large-gap threshold; interval is within one UTC date
1303,2023-07-05T17:45:00Z,2023-07-05T19:00:00Z,75.0,4,True,False,Wednesday,Wednesday,non_weekend_intraday,both endpoints are Monday-Friday; duration is below the configured large-gap threshold; interval is within one UTC date
1304,2023-07-05T19:45:00Z,2023-07-05T21:00:00Z,75.0,4,True,False,Wednesday,Wednesday,non_weekend_intraday,both endpoints are Monday-Friday; duration is below the configured large-gap threshold; interval is within one UTC date
1305,2023-07-05T21:45:00Z,2023-07-05T23:00:00Z,75.0,4,True,False,Wednesday,Wednesday,non_weekend_intraday,both endpoints are Monday-Friday; duration is below the configured large-gap threshold; interval is within one UTC date
1306,2023-07-06T09:45:00Z,2023-07-06T11:00:00Z,75.0,4,True,False,Thursday,Thursday,non_weekend_intraday,both endpoints are Monday-Friday; duration is below the configured large-gap threshold; interval is within one UTC date
1307,2023-07-06T11:45:00Z,2023-07-06T13:00:00Z,75.0,4,True,False,Thursday,Thursday,non_weekend_intraday,both endpoints are Monday-Friday; duration is below the configured large-gap threshold; interval is within one UTC date
1308,2023-07-06T13:45:00Z,2023-07-06T15:00:00Z,75.0,4,True,False,Thursday,Thursday,non_weekend_intraday,both endpoints are Monday-Friday; duration is below the configured large-gap threshold; interval is within one UTC date
1309,2023-07-06T15:45:00Z,2023-07-06T17:00:00Z,75.0,4,True,False,Thursday,Thursday,non_weekend_intraday,both endpoints are Monday-Friday; duration is below the configured large-gap threshold; interval is within one UTC date
1310,2023-07-06T17:45:00Z,2023-07-06T19:00:00Z,75.0,4,True,False,Thursday,Thursday,non_weekend_intraday,both endpoints are Monday-Friday; duration is below the configured large-gap threshold; interval is within one UTC date
1311,2023-07-06T19:45:00Z,2023-07-06T21:00:00Z,75.0,4,True,False,Thursday,Thursday,non_weekend_intraday,both endpoints are Monday-Friday; duration is below the configured large-gap threshold; interval is within one UTC date
1312,2023-07-06T21:45:00Z,2023-07-06T23:00:00Z,75.0,4,True,False,Thursday,Thursday,non_weekend_intraday,both endpoints are Monday-Friday; duration is below the configured large-gap threshold; interval is within one UTC date
1313,2023-07-07T09:45:00Z,2023-07-07T11:00:00Z,75.0,4,True,False,Friday,Friday,non_weekend_intraday,both endpoints are Monday-Friday; duration is below the configured large-gap threshold; interval is within one UTC date
1314,2023-07-07T12:45:00Z,2023-07-07T14:00:00Z,75.0,4,True,False,Friday,Friday,non_weekend_intraday,both endpoints are Monday-Friday; duration is below the configured large-gap threshold; interval is within one UTC date
1315,2023-07-07T15:45:00Z,2023-07-07T17:00:00Z,75.0,4,True,False,Friday,Friday,non_weekend_intraday,both endpoints are Monday-Friday; duration is below the configured large-gap threshold; interval is within one UTC date
1316,2023-07-07T17:45:00Z,2023-07-09T21:00:00Z,3075.0,204,True,True,Friday,Sunday,likely_weekly_closure,duration >= 1440 configured minutes; Friday/Saturday before and Sunday/Monday after
1317,2023-07-09T21:45:00Z,2023-07-09T23:00:00Z,75.0,4,True,False,Sunday,Sunday,unclassified,interval does not satisfy the configured descriptive category rules
1318,2023-07-10T10:45:00Z,2023-07-10T12:00:00Z,75.0,4,True,False,Monday,Monday,non_weekend_intraday,both endpoints are Monday-Friday; duration is below the configured large-gap threshold; interval is within one UTC date
1319,2023-07-10T12:45:00Z,2023-07-10T14:00:00Z,75.0,4,True,False,Monday,Monday,non_weekend_intraday,both endpoints are Monday-Friday; duration is below the configured large-gap threshold; interval is within one UTC date
1320,2023-07-10T14:45:00Z,2023-07-10T16:00:00Z,75.0,4,True,False,Monday,Monday,non_weekend_intraday,both endpoints are Monday-Friday; duration is below the configured large-gap threshold; interval is within one UTC date
1321,2023-07-10T16:45:00Z,2023-07-10T18:00:00Z,75.0,4,True,False,Monday,Monday,non_weekend_intraday,both endpoints are Monday-Friday; duration is below the configured large-gap threshold; interval is within one UTC date
1322,2023-07-10T18:45:00Z,2023-07-10T20:00:00Z,75.0,4,True,False,Monday,Monday,non_weekend_intraday,both endpoints are Monday-Friday; duration is below the configured large-gap threshold; interval is within one UTC date
1323,2023-07-10T20:45:00Z,2023-07-10T22:00:00Z,75.0,4,True,False,Monday,Monday,non_weekend_intraday,both endpoints are Monday-Friday; duration is below the configured large-gap threshold; interval is within one UTC date
1324,2023-07-10T22:45:00Z,2023-07-11T00:00:00Z,75.0,4,True,True,Monday,Tuesday,non_weekend_intraday,both endpoints are Monday-Friday; duration is below the configured large-gap threshold; interval crosses a UTC date
1325,2023-07-11T10:45:00Z,2023-07-11T13:00:00Z,135.0,8,True,False,Tuesday,Tuesday,non_weekend_intraday,both endpoints are Monday-Friday; duration is below the configured large-gap threshold; interval is within one UTC date
1326,2023-07-11T14:45:00Z,2023-07-11T17:00:00Z,135.0,8,True,False,Tuesday,Tuesday,non_weekend_intraday,both endpoints are Monday-Friday; duration is below the configured large-gap threshold; interval is within one UTC date
1327,2023-07-11T17:45:00Z,2023-07-11T19:00:00Z,75.0,4,True,False,Tuesday,Tuesday,non_weekend_intraday,both endpoints are Monday-Friday; duration is below the configured large-gap threshold; interval is within one UTC date
1328,2023-07-11T19:45:00Z,2023-07-11T21:00:00Z,75.0,4,True,False,Tuesday,Tuesday,non_weekend_intraday,both endpoints are Monday-Friday; duration is below the configured large-gap threshold; interval is within one UTC date
1329,2023-07-11T21:45:00Z,2023-07-11T23:00:00Z,75.0,4,True,False,Tuesday,Tuesday,non_weekend_intraday,both endpoints are Monday-Friday; duration is below the configured large-gap threshold; interval is within one UTC date
1330,2023-07-12T08:45:00Z,2023-07-12T10:00:00Z,75.0,4,True,False,Wednesday,Wednesday,non_weekend_intraday,both endpoints are Monday-Friday; duration is below the configured large-gap threshold; interval is within one UTC date
1331,2023-07-12T10:45:00Z,2023-07-12T12:00:00Z,75.0,4,True,False,Wednesday,Wednesday,non_weekend_intraday,both endpoints are Monday-Friday; duration is below the configured large-gap threshold; interval is within one UTC date
1332,2023-07-12T12:45:00Z,2023-07-12T14:00:00Z,75.0,4,True,False,Wednesday,Wednesday,non_weekend_intraday,both endpoints are Monday-Friday; duration is below the configured large-gap threshold; interval is within one UTC date
1333,2023-07-12T15:45:00Z,2023-07-12T17:00:00Z,75.0,4,True,False,Wednesday,Wednesday,non_weekend_intraday,both endpoints are Monday-Friday; duration is below the configured large-gap threshold; interval is within one UTC date
1334,2023-07-12T17:45:00Z,2023-07-12T20:00:00Z,135.0,8,True,False,Wednesday,Wednesday,non_weekend_intraday,both endpoints are Monday-Friday; duration is below the configured large-gap threshold; interval is within one UTC date
1335,2023-07-12T21:45:00Z,2023-07-12T23:00:00Z,75.0,4,True,False,Wednesday,Wednesday,non_weekend_intraday,both endpoints are Monday-Friday; duration is below the configured large-gap threshold; interval is within one UTC date
1336,2023-07-13T09:45:00Z,2023-07-13T11:00:00Z,75.0,4,True,False,Thursday,Thursday,non_weekend_intraday,both endpoints are Monday-Friday; duration is below the configured large-gap threshold; interval is within one UTC date
1337,2023-07-13T11:45:00Z,2023-07-13T13:00:00Z,75.0,4,True,False,Thursday,Thursday,non_weekend_intraday,both endpoints are Monday-Friday; duration is below the configured large-gap threshold; interval is within one UTC date
1338,2023-07-13T14:45:00Z,2023-07-13T17:00:00Z,135.0,8,True,False,Thursday,Thursday,non_weekend_intraday,both endpoints are Monday-Friday; duration is below the configured large-gap threshold; interval is within one UTC date
1339,2023-07-13T18:45:00Z,2023-07-13T20:00:00Z,75.0,4,True,False,Thursday,Thursday,non_weekend_intraday,both endpoints are Monday-Friday; duration is below the configured large-gap threshold; interval is within one UTC date
1340,2023-07-13T20:45:00Z,2023-07-13T22:00:00Z,75.0,4,True,False,Thursday,Thursday,non_weekend_intraday,both endpoints are Monday-Friday; duration is below the configured large-gap threshold; interval is within one UTC date
1341,2023-07-13T22:45:00Z,2023-07-14T00:00:00Z,75.0,4,True,True,Thursday,Friday,non_weekend_intraday,both endpoints are Monday-Friday; duration is below the configured large-gap threshold; interval crosses a UTC date
1342,2023-07-14T09:45:00Z,2023-07-14T11:00:00Z,75.0,4,True,False,Friday,Friday,non_weekend_intraday,both endpoints are Monday-Friday; duration is below the configured large-gap threshold; interval is within one UTC date
1343,2023-07-14T11:45:00Z,2023-07-14T13:00:00Z,75.0,4,True,False,Friday,Friday,non_weekend_intraday,both endpoints are Monday-Friday; duration is below the configured large-gap threshold; interval is within one UTC date
1344,2023-07-14T13:45:00Z,2023-07-14T15:00:00Z,75.0,4,True,False,Friday,Friday,non_weekend_intraday,both endpoints are Monday-Friday; duration is below the configured large-gap threshold; interval is within one UTC date
1345,2023-07-14T15:45:00Z,2023-07-14T17:00:00Z,75.0,4,True,False,Friday,Friday,non_weekend_intraday,both endpoints are Monday-Friday; duration is below the configured large-gap threshold; interval is within one UTC date
1346,2023-07-14T17:45:00Z,2023-07-14T19:00:00Z,75.0,4,True,False,Friday,Friday,non_weekend_intraday,both endpoints are Monday-Friday; duration is below the configured large-gap threshold; interval is within one UTC date
1347,2023-07-14T19:45:00Z,2023-07-16T22:00:00Z,3015.0,200,True,True,Friday,Sunday,likely_weekly_closure,duration >= 1440 configured minutes; Friday/Saturday before and Sunday/Monday after
1348,2023-07-16T22:45:00Z,2023-07-17T00:00:00Z,75.0,4,True,True,Sunday,Monday,unclassified,interval does not satisfy the configured descriptive category rules
1349,2023-07-17T10:45:00Z,2023-07-17T13:00:00Z,135.0,8,True,False,Monday,Monday,non_weekend_intraday,both endpoints are Monday-Friday; duration is below the configured large-gap threshold; interval is within one UTC date
1350,2023-07-17T13:45:00Z,2023-07-17T15:00:00Z,75.0,4,True,False,Monday,Monday,non_weekend_intraday,both endpoints are Monday-Friday; duration is below the configured large-gap threshold; interval is within one UTC date
1351,2023-07-17T16:45:00Z,2023-07-17T19:00:00Z,135.0,8,True,False,Monday,Monday,non_weekend_intraday,both endpoints are Monday-Friday; duration is below the configured large-gap threshold; interval is within one UTC date
1352,2023-07-17T19:45:00Z,2023-07-17T21:00:00Z,75.0,4,True,False,Monday,Monday,non_weekend_intraday,both endpoints are Monday-Friday; duration is below the configured large-gap threshold; interval is within one UTC date
1353,2023-07-17T22:45:00Z,2023-07-18T00:00:00Z,75.0,4,True,True,Monday,Tuesday,non_weekend_intraday,both endpoints are Monday-Friday; duration is below the configured large-gap threshold; interval crosses a UTC date
1354,2023-07-18T09:45:00Z,2023-07-18T11:00:00Z,75.0,4,True,False,Tuesday,Tuesday,non_weekend_intraday,both endpoints are Monday-Friday; duration is below the configured large-gap threshold; interval is within one UTC date
1355,2023-07-18T11:45:00Z,2023-07-18T13:00:00Z,75.0,4,True,False,Tuesday,Tuesday,non_weekend_intraday,both endpoints are Monday-Friday; duration is below the configured large-gap threshold; interval is within one UTC date
1356,2023-07-18T14:45:00Z,2023-07-18T16:00:00Z,75.0,4,True,False,Tuesday,Tuesday,non_weekend_intraday,both endpoints are Monday-Friday; duration is below the configured large-gap threshold; interval is within one UTC date
1357,2023-07-18T16:45:00Z,2023-07-18T18:00:00Z,75.0,4,True,False,Tuesday,Tuesday,non_weekend_intraday,both endpoints are Monday-Friday; duration is below the configured large-gap threshold; interval is within one UTC date
1358,2023-07-18T19:45:00Z,2023-07-18T22:00:00Z,135.0,8,True,False,Tuesday,Tuesday,non_weekend_intraday,both endpoints are Monday-Friday; duration is below the configured large-gap threshold; interval is within one UTC date
1359,2023-07-18T22:45:00Z,2023-07-19T00:00:00Z,75.0,4,True,True,Tuesday,Wednesday,non_weekend_intraday,both endpoints are Monday-Friday; duration is below the configured large-gap threshold; interval crosses a UTC date
1360,2023-07-19T09:45:00Z,2023-07-19T11:00:00Z,75.0,4,True,False,Wednesday,Wednesday,non_weekend_intraday,both endpoints are Monday-Friday; duration is below the configured large-gap threshold; interval is within one UTC date
1361,2023-07-19T11:45:00Z,2023-07-19T13:00:00Z,75.0,4,True,False,Wednesday,Wednesday,non_weekend_intraday,both endpoints are Monday-Friday; duration is below the configured large-gap threshold; interval is within one UTC date
1362,2023-07-19T13:45:00Z,2023-07-19T15:00:00Z,75.0,4,True,False,Wednesday,Wednesday,non_weekend_intraday,both endpoints are Monday-Friday; duration is below the configured large-gap threshold; interval is within one UTC date
1363,2023-07-19T15:45:00Z,2023-07-19T17:00:00Z,75.0,4,True,False,Wednesday,Wednesday,non_weekend_intraday,both endpoints are Monday-Friday; duration is below the configured large-gap threshold; interval is within one UTC date
1364,2023-07-19T17:45:00Z,2023-07-19T19:00:00Z,75.0,4,True,False,Wednesday,Wednesday,non_weekend_intraday,both endpoints are Monday-Friday; duration is below the configured large-gap threshold; interval is within one UTC date
1365,2023-07-19T19:45:00Z,2023-07-19T21:00:00Z,75.0,4,True,False,Wednesday,Wednesday,non_weekend_intraday,both endpoints are Monday-Friday; duration is below the configured large-gap threshold; interval is within one UTC date
1366,2023-07-19T21:45:00Z,2023-07-19T23:00:00Z,75.0,4,True,False,Wednesday,Wednesday,non_weekend_intraday,both endpoints are Monday-Friday; duration is below the configured large-gap threshold; interval is within one UTC date
1367,2023-07-20T09:45:00Z,2023-07-20T11:00:00Z,75.0,4,True,False,Thursday,Thursday,non_weekend_intraday,both endpoints are Monday-Friday; duration is below the configured large-gap threshold; interval is within one UTC date
1368,2023-07-20T12:45:00Z,2023-07-20T14:00:00Z,75.0,4,True,False,Thursday,Thursday,non_weekend_intraday,both endpoints are Monday-Friday; duration is below the configured large-gap threshold; interval is within one UTC date
1369,2023-07-20T14:45:00Z,2023-07-20T16:00:00Z,75.0,4,True,False,Thursday,Thursday,non_weekend_intraday,both endpoints are Monday-Friday; duration is below the configured large-gap threshold; interval is within one UTC date
1370,2023-07-20T16:45:00Z,2023-07-20T18:00:00Z,75.0,4,True,False,Thursday,Thursday,non_weekend_intraday,both endpoints are Monday-Friday; duration is below the configured large-gap threshold; interval is within one UTC date
1371,2023-07-20T18:45:00Z,2023-07-20T20:00:00Z,75.0,4,True,False,Thursday,Thursday,non_weekend_intraday,both endpoints are Monday-Friday; duration is below the configured large-gap threshold; interval is within one UTC date
1372,2023-07-20T20:45:00Z,2023-07-20T22:00:00Z,75.0,4,True,False,Thursday,Thursday,non_weekend_intraday,both endpoints are Monday-Friday; duration is below the configured large-gap threshold; interval is within one UTC date
1373,2023-07-20T22:45:00Z,2023-07-21T00:00:00Z,75.0,4,True,True,Thursday,Friday,non_weekend_intraday,both endpoints are Monday-Friday; duration is below the configured large-gap threshold; interval crosses a UTC date
1374,2023-07-21T11:45:00Z,2023-07-21T14:00:00Z,135.0,8,True,False,Friday,Friday,non_weekend_intraday,both endpoints are Monday-Friday; duration is below the configured large-gap threshold; interval is within one UTC date
1375,2023-07-21T14:45:00Z,2023-07-21T17:00:00Z,135.0,8,True,False,Friday,Friday,non_weekend_intraday,both endpoints are Monday-Friday; duration is below the configured large-gap threshold; interval is within one UTC date
1376,2023-07-21T17:45:00Z,2023-07-21T19:00:00Z,75.0,4,True,False,Friday,Friday,non_weekend_intraday,both endpoints are Monday-Friday; duration is below the configured large-gap threshold; interval is within one UTC date
1377,2023-07-21T19:45:00Z,2023-07-23T21:00:00Z,2955.0,196,True,True,Friday,Sunday,likely_weekly_closure,duration >= 1440 configured minutes; Friday/Saturday before and Sunday/Monday after
1378,2023-07-23T21:45:00Z,2023-07-23T23:00:00Z,75.0,4,True,False,Sunday,Sunday,unclassified,interval does not satisfy the configured descriptive category rules
1379,2023-07-24T10:45:00Z,2023-07-24T12:00:00Z,75.0,4,True,False,Monday,Monday,non_weekend_intraday,both endpoints are Monday-Friday; duration is below the configured large-gap threshold; interval is within one UTC date
1380,2023-07-24T12:45:00Z,2023-07-24T14:00:00Z,75.0,4,True,False,Monday,Monday,non_weekend_intraday,both endpoints are Monday-Friday; duration is below the configured large-gap threshold; interval is within one UTC date
1381,2023-07-24T14:45:00Z,2023-07-24T16:00:00Z,75.0,4,True,False,Monday,Monday,non_weekend_intraday,both endpoints are Monday-Friday; duration is below the configured large-gap threshold; interval is within one UTC date
1382,2023-07-24T16:45:00Z,2023-07-24T18:00:00Z,75.0,4,True,False,Monday,Monday,non_weekend_intraday,both endpoints are Monday-Friday; duration is below the configured large-gap threshold; interval is within one UTC date
1383,2023-07-24T18:45:00Z,2023-07-24T20:00:00Z,75.0,4,True,False,Monday,Monday,non_weekend_intraday,both endpoints are Monday-Friday; duration is below the configured large-gap threshold; interval is within one UTC date
1384,2023-07-24T20:45:00Z,2023-07-24T22:00:00Z,75.0,4,True,False,Monday,Monday,non_weekend_intraday,both endpoints are Monday-Friday; duration is below the configured large-gap threshold; interval is within one UTC date
1385,2023-07-24T22:45:00Z,2023-07-25T00:00:00Z,75.0,4,True,True,Monday,Tuesday,non_weekend_intraday,both endpoints are Monday-Friday; duration is below the configured large-gap threshold; interval crosses a UTC date
1386,2023-07-25T09:45:00Z,2023-07-25T11:00:00Z,75.0,4,True,False,Tuesday,Tuesday,non_weekend_intraday,both endpoints are Monday-Friday; duration is below the configured large-gap threshold; interval is within one UTC date
1387,2023-07-25T11:45:00Z,2023-07-25T13:00:00Z,75.0,4,True,False,Tuesday,Tuesday,non_weekend_intraday,both endpoints are Monday-Friday; duration is below the configured large-gap threshold; interval is within one UTC date
1388,2023-07-25T13:45:00Z,2023-07-25T15:00:00Z,75.0,4,True,False,Tuesday,Tuesday,non_weekend_intraday,both endpoints are Monday-Friday; duration is below the configured large-gap threshold; interval is within one UTC date
1389,2023-07-25T15:45:00Z,2023-07-25T17:00:00Z,75.0,4,True,False,Tuesday,Tuesday,non_weekend_intraday,both endpoints are Monday-Friday; duration is below the configured large-gap threshold; interval is within one UTC date
1390,2023-07-25T17:45:00Z,2023-07-25T19:00:00Z,75.0,4,True,False,Tuesday,Tuesday,non_weekend_intraday,both endpoints are Monday-Friday; duration is below the configured large-gap threshold; interval is within one UTC date
1391,2023-07-25T20:45:00Z,2023-07-25T23:00:00Z,135.0,8,True,False,Tuesday,Tuesday,non_weekend_intraday,both endpoints are Monday-Friday; duration is below the configured large-gap threshold; interval is within one UTC date
1392,2023-07-26T10:45:00Z,2023-07-26T12:00:00Z,75.0,4,True,False,Wednesday,Wednesday,non_weekend_intraday,both endpoints are Monday-Friday; duration is below the configured large-gap threshold; interval is within one UTC date
1393,2023-07-26T12:45:00Z,2023-07-26T14:00:00Z,75.0,4,True,False,Wednesday,Wednesday,non_weekend_intraday,both endpoints are Monday-Friday; duration is below the configured large-gap threshold; interval is within one UTC date
1394,2023-07-26T14:45:00Z,2023-07-26T16:00:00Z,75.0,4,True,False,Wednesday,Wednesday,non_weekend_intraday,both endpoints are Monday-Friday; duration is below the configured large-gap threshold; interval is within one UTC date
1395,2023-07-26T16:45:00Z,2023-07-26T18:00:00Z,75.0,4,True,False,Wednesday,Wednesday,non_weekend_intraday,both endpoints are Monday-Friday; duration is below the configured large-gap threshold; interval is within one UTC date
1396,2023-07-26T18:45:00Z,2023-07-26T20:00:00Z,75.0,4,True,False,Wednesday,Wednesday,non_weekend_intraday,both endpoints are Monday-Friday; duration is below the configured large-gap threshold; interval is within one UTC date
1397,2023-07-26T20:45:00Z,2023-07-26T22:00:00Z,75.0,4,True,False,Wednesday,Wednesday,non_weekend_intraday,both endpoints are Monday-Friday; duration is below the configured large-gap threshold; interval is within one UTC date
1398,2023-07-26T22:45:00Z,2023-07-27T00:00:00Z,75.0,4,True,True,Wednesday,Thursday,non_weekend_intraday,both endpoints are Monday-Friday; duration is below the configured large-gap threshold; interval crosses a UTC date
1399,2023-07-27T09:45:00Z,2023-07-27T11:00:00Z,75.0,4,True,False,Thursday,Thursday,non_weekend_intraday,both endpoints are Monday-Friday; duration is below the configured large-gap threshold; interval is within one UTC date
1400,2023-07-27T11:45:00Z,2023-07-27T13:00:00Z,75.0,4,True,False,Thursday,Thursday,non_weekend_intraday,both endpoints are Monday-Friday; duration is below the configured large-gap threshold; interval is within one UTC date
1401,2023-07-27T13:45:00Z,2023-07-27T15:00:00Z,75.0,4,True,False,Thursday,Thursday,non_weekend_intraday,both endpoints are Monday-Friday; duration is below the configured large-gap threshold; interval is within one UTC date
1402,2023-07-27T16:45:00Z,2023-07-27T18:00:00Z,75.0,4,True,False,Thursday,Thursday,non_weekend_intraday,both endpoints are Monday-Friday; duration is below the configured large-gap threshold; interval is within one UTC date
1403,2023-07-27T18:45:00Z,2023-07-27T20:00:00Z,75.0,4,True,False,Thursday,Thursday,non_weekend_intraday,both endpoints are Monday-Friday; duration is below the configured large-gap threshold; interval is within one UTC date
1404,2023-07-27T20:45:00Z,2023-07-27T22:00:00Z,75.0,4,True,False,Thursday,Thursday,non_weekend_intraday,both endpoints are Monday-Friday; duration is below the configured large-gap threshold; interval is within one UTC date
1405,2023-07-27T22:45:00Z,2023-07-28T00:00:00Z,75.0,4,True,True,Thursday,Friday,non_weekend_intraday,both endpoints are Monday-Friday; duration is below the configured large-gap threshold; interval crosses a UTC date
1406,2023-07-28T10:45:00Z,2023-07-28T12:00:00Z,75.0,4,True,False,Friday,Friday,non_weekend_intraday,both endpoints are Monday-Friday; duration is below the configured large-gap threshold; interval is within one UTC date
1407,2023-07-28T12:45:00Z,2023-07-28T14:00:00Z,75.0,4,True,False,Friday,Friday,non_weekend_intraday,both endpoints are Monday-Friday; duration is below the configured large-gap threshold; interval is within one UTC date
1408,2023-07-28T14:45:00Z,2023-07-28T16:00:00Z,75.0,4,True,False,Friday,Friday,non_weekend_intraday,both endpoints are Monday-Friday; duration is below the configured large-gap threshold; interval is within one UTC date
1409,2023-07-28T16:45:00Z,2023-07-28T18:00:00Z,75.0,4,True,False,Friday,Friday,non_weekend_intraday,both endpoints are Monday-Friday; duration is below the configured large-gap threshold; interval is within one UTC date
1410,2023-07-28T18:45:00Z,2023-07-28T20:00:00Z,75.0,4,True,False,Friday,Friday,non_weekend_intraday,both endpoints are Monday-Friday; duration is below the configured large-gap threshold; interval is within one UTC date
1411,2023-07-28T20:45:00Z,2023-07-30T21:00:00Z,2895.0,192,True,True,Friday,Sunday,likely_weekly_closure,duration >= 1440 configured minutes; Friday/Saturday before and Sunday/Monday after
1412,2023-08-04T20:45:00Z,2023-08-06T21:00:00Z,2895.0,192,True,True,Friday,Sunday,likely_weekly_closure,duration >= 1440 configured minutes; Friday/Saturday before and Sunday/Monday after
1413,2023-08-11T20:45:00Z,2023-08-13T21:00:00Z,2895.0,192,True,True,Friday,Sunday,likely_weekly_closure,duration >= 1440 configured minutes; Friday/Saturday before and Sunday/Monday after
1414,2023-08-18T20:45:00Z,2023-08-20T21:00:00Z,2895.0,192,True,True,Friday,Sunday,likely_weekly_closure,duration >= 1440 configured minutes; Friday/Saturday before and Sunday/Monday after
1415,2023-08-25T20:45:00Z,2023-08-27T21:00:00Z,2895.0,192,True,True,Friday,Sunday,likely_weekly_closure,duration >= 1440 configured minutes; Friday/Saturday before and Sunday/Monday after
1416,2023-09-01T20:45:00Z,2023-09-03T21:00:00Z,2895.0,192,True,True,Friday,Sunday,likely_weekly_closure,duration >= 1440 configured minutes; Friday/Saturday before and Sunday/Monday after
1417,2023-09-08T20:45:00Z,2023-09-10T21:00:00Z,2895.0,192,True,True,Friday,Sunday,likely_weekly_closure,duration >= 1440 configured minutes; Friday/Saturday before and Sunday/Monday after
1418,2023-09-15T20:45:00Z,2023-09-17T21:00:00Z,2895.0,192,True,True,Friday,Sunday,likely_weekly_closure,duration >= 1440 configured minutes; Friday/Saturday before and Sunday/Monday after
1419,2023-09-22T20:45:00Z,2023-09-24T21:00:00Z,2895.0,192,True,True,Friday,Sunday,likely_weekly_closure,duration >= 1440 configured minutes; Friday/Saturday before and Sunday/Monday after
1420,2023-09-25T10:00:00Z,2023-09-25T11:00:00Z,60.0,3,True,False,Monday,Monday,non_weekend_intraday,both endpoints are Monday-Friday; duration is below the configured large-gap threshold; interval is within one UTC date
1421,2023-09-29T20:45:00Z,2023-10-01T21:00:00Z,2895.0,192,True,True,Friday,Sunday,likely_weekly_closure,duration >= 1440 configured minutes; Friday/Saturday before and Sunday/Monday after
1422,2023-10-06T20:45:00Z,2023-10-08T21:00:00Z,2895.0,192,True,True,Friday,Sunday,likely_weekly_closure,duration >= 1440 configured minutes; Friday/Saturday before and Sunday/Monday after
1423,2023-10-13T20:45:00Z,2023-10-15T21:00:00Z,2895.0,192,True,True,Friday,Sunday,likely_weekly_closure,duration >= 1440 configured minutes; Friday/Saturday before and Sunday/Monday after
1424,2023-10-20T20:45:00Z,2023-10-22T21:00:00Z,2895.0,192,True,True,Friday,Sunday,likely_weekly_closure,duration >= 1440 configured minutes; Friday/Saturday before and Sunday/Monday after
1425,2023-10-27T20:45:00Z,2023-10-29T20:00:00Z,2835.0,188,True,True,Friday,Sunday,likely_weekly_closure,duration >= 1440 configured minutes; Friday/Saturday before and Sunday/Monday after
1426,2023-11-03T19:45:00Z,2023-11-05T22:00:00Z,3015.0,200,True,True,Friday,Sunday,likely_weekly_closure,duration >= 1440 configured minutes; Friday/Saturday before and Sunday/Monday after
1427,2023-11-10T21:45:00Z,2023-11-12T22:00:00Z,2895.0,192,True,True,Friday,Sunday,likely_weekly_closure,duration >= 1440 configured minutes; Friday/Saturday before and Sunday/Monday after
1428,2023-11-17T21:45:00Z,2023-11-19T22:00:00Z,2895.0,192,True,True,Friday,Sunday,likely_weekly_closure,duration >= 1440 configured minutes; Friday/Saturday before and Sunday/Monday after
1429,2023-11-24T21:45:00Z,2023-11-26T22:00:00Z,2895.0,192,True,True,Friday,Sunday,likely_weekly_closure,duration >= 1440 configured minutes; Friday/Saturday before and Sunday/Monday after
1430,2023-12-01T21:45:00Z,2023-12-03T22:00:00Z,2895.0,192,True,True,Friday,Sunday,likely_weekly_closure,duration >= 1440 configured minutes; Friday/Saturday before and Sunday/Monday after
1431,2023-12-08T21:45:00Z,2023-12-10T22:00:00Z,2895.0,192,True,True,Friday,Sunday,likely_weekly_closure,duration >= 1440 configured minutes; Friday/Saturday before and Sunday/Monday after
1432,2023-12-15T21:45:00Z,2023-12-17T22:00:00Z,2895.0,192,True,True,Friday,Sunday,likely_weekly_closure,duration >= 1440 configured minutes; Friday/Saturday before and Sunday/Monday after
1433,2023-12-22T21:45:00Z,2023-12-24T23:00:00Z,2955.0,196,True,True,Friday,Sunday,likely_weekly_closure,duration >= 1440 configured minutes; Friday/Saturday before and Sunday/Monday after
1434,2023-12-24T23:00:00Z,2023-12-24T23:30:00Z,30.0,1,True,False,Sunday,Sunday,unclassified,interval does not satisfy the configured descriptive category rules
1435,2023-12-25T07:45:00Z,2023-12-25T22:00:00Z,855.0,56,True,False,Monday,Monday,long_nonweekly_gap,duration >= 720 configured minutes outside the weekly rule; interval is within one UTC date; cause unresolved
1436,2023-12-29T21:45:00Z,2024-01-01T22:00:00Z,4335.0,288,True,True,Friday,Monday,likely_weekly_closure,duration >= 1440 configured minutes; Friday/Saturday before and Sunday/Monday after
1437,2024-01-05T21:45:00Z,2024-01-07T22:00:00Z,2895.0,192,True,True,Friday,Sunday,likely_weekly_closure,duration >= 1440 configured minutes; Friday/Saturday before and Sunday/Monday after
1438,2024-01-12T21:45:00Z,2024-01-14T22:00:00Z,2895.0,192,True,True,Friday,Sunday,likely_weekly_closure,duration >= 1440 configured minutes; Friday/Saturday before and Sunday/Monday after
1439,2024-01-15T18:45:00Z,2024-01-15T20:00:00Z,75.0,4,True,False,Monday,Monday,non_weekend_intraday,both endpoints are Monday-Friday; duration is below the configured large-gap threshold; interval is within one UTC date
1440,2024-01-16T16:45:00Z,2024-01-16T18:00:00Z,75.0,4,True,False,Tuesday,Tuesday,non_weekend_intraday,both endpoints are Monday-Friday; duration is below the configured large-gap threshold; interval is within one UTC date
1441,2024-01-16T20:45:00Z,2024-01-17T00:00:00Z,195.0,12,True,True,Tuesday,Wednesday,non_weekend_intraday,both endpoints are Monday-Friday; duration is below the configured large-gap threshold; interval crosses a UTC date
1442,2024-01-19T21:45:00Z,2024-01-21T22:00:00Z,2895.0,192,True,True,Friday,Sunday,likely_weekly_closure,duration >= 1440 configured minutes; Friday/Saturday before and Sunday/Monday after
1443,2024-01-26T21:45:00Z,2024-01-28T22:00:00Z,2895.0,192,True,True,Friday,Sunday,likely_weekly_closure,duration >= 1440 configured minutes; Friday/Saturday before and Sunday/Monday after
1444,2024-02-02T21:45:00Z,2024-02-04T22:00:00Z,2895.0,192,True,True,Friday,Sunday,likely_weekly_closure,duration >= 1440 configured minutes; Friday/Saturday before and Sunday/Monday after
1445,2024-02-09T21:45:00Z,2024-02-11T22:00:00Z,2895.0,192,True,True,Friday,Sunday,likely_weekly_closure,duration >= 1440 configured minutes; Friday/Saturday before and Sunday/Monday after
1446,2024-02-16T21:45:00Z,2024-02-18T22:00:00Z,2895.0,192,True,True,Friday,Sunday,likely_weekly_closure,duration >= 1440 configured minutes; Friday/Saturday before and Sunday/Monday after
1447,2024-02-23T21:45:00Z,2024-02-25T22:00:00Z,2895.0,192,True,True,Friday,Sunday,likely_weekly_closure,duration >= 1440 configured minutes; Friday/Saturday before and Sunday/Monday after
1448,2024-03-01T21:45:00Z,2024-03-03T22:00:00Z,2895.0,192,True,True,Friday,Sunday,likely_weekly_closure,duration >= 1440 configured minutes; Friday/Saturday before and Sunday/Monday after
1449,2024-03-08T21:45:00Z,2024-03-10T20:00:00Z,2775.0,184,True,True,Friday,Sunday,likely_weekly_closure,duration >= 1440 configured minutes; Friday/Saturday before and Sunday/Monday after
1450,2024-03-15T19:45:00Z,2024-03-17T20:00:00Z,2895.0,192,True,True,Friday,Sunday,likely_weekly_closure,duration >= 1440 configured minutes; Friday/Saturday before and Sunday/Monday after
1451,2024-03-22T19:45:00Z,2024-03-24T20:00:00Z,2895.0,192,True,True,Friday,Sunday,likely_weekly_closure,duration >= 1440 configured minutes; Friday/Saturday before and Sunday/Monday after
1452,2024-03-29T19:45:00Z,2024-03-31T21:00:00Z,2955.0,196,True,True,Friday,Sunday,likely_weekly_closure,duration >= 1440 configured minutes; Friday/Saturday before and Sunday/Monday after
1453,2024-03-31T22:45:00Z,2024-04-01T00:00:00Z,75.0,4,True,True,Sunday,Monday,unclassified,interval does not satisfy the configured descriptive category rules
1454,2024-04-05T20:45:00Z,2024-04-07T21:00:00Z,2895.0,192,True,True,Friday,Sunday,likely_weekly_closure,duration >= 1440 configured minutes; Friday/Saturday before and Sunday/Monday after
1455,2024-04-12T20:45:00Z,2024-04-14T21:00:00Z,2895.0,192,True,True,Friday,Sunday,likely_weekly_closure,duration >= 1440 configured minutes; Friday/Saturday before and Sunday/Monday after
1456,2024-04-19T20:45:00Z,2024-04-21T21:00:00Z,2895.0,192,True,True,Friday,Sunday,likely_weekly_closure,duration >= 1440 configured minutes; Friday/Saturday before and Sunday/Monday after
1457,2024-04-26T20:45:00Z,2024-04-28T21:00:00Z,2895.0,192,True,True,Friday,Sunday,likely_weekly_closure,duration >= 1440 configured minutes; Friday/Saturday before and Sunday/Monday after
1458,2024-05-03T20:45:00Z,2024-05-05T21:00:00Z,2895.0,192,True,True,Friday,Sunday,likely_weekly_closure,duration >= 1440 configured minutes; Friday/Saturday before and Sunday/Monday after
1459,2024-05-10T20:45:00Z,2024-05-12T21:00:00Z,2895.0,192,True,True,Friday,Sunday,likely_weekly_closure,duration >= 1440 configured minutes; Friday/Saturday before and Sunday/Monday after
1460,2024-05-17T20:45:00Z,2024-05-19T21:00:00Z,2895.0,192,True,True,Friday,Sunday,likely_weekly_closure,duration >= 1440 configured minutes; Friday/Saturday before and Sunday/Monday after
1461,2024-05-24T20:45:00Z,2024-05-26T21:00:00Z,2895.0,192,True,True,Friday,Sunday,likely_weekly_closure,duration >= 1440 configured minutes; Friday/Saturday before and Sunday/Monday after
1462,2024-05-31T20:45:00Z,2024-06-02T21:00:00Z,2895.0,192,True,True,Friday,Sunday,likely_weekly_closure,duration >= 1440 configured minutes; Friday/Saturday before and Sunday/Monday after
1463,2024-06-07T20:45:00Z,2024-06-09T21:00:00Z,2895.0,192,True,True,Friday,Sunday,likely_weekly_closure,duration >= 1440 configured minutes; Friday/Saturday before and Sunday/Monday after
1464,2024-06-14T20:45:00Z,2024-06-16T21:00:00Z,2895.0,192,True,True,Friday,Sunday,likely_weekly_closure,duration >= 1440 configured minutes; Friday/Saturday before and Sunday/Monday after
1465,2024-06-21T20:45:00Z,2024-06-23T21:00:00Z,2895.0,192,True,True,Friday,Sunday,likely_weekly_closure,duration >= 1440 configured minutes; Friday/Saturday before and Sunday/Monday after
1466,2024-06-28T20:45:00Z,2024-06-30T21:00:00Z,2895.0,192,True,True,Friday,Sunday,likely_weekly_closure,duration >= 1440 configured minutes; Friday/Saturday before and Sunday/Monday after
1467,2024-07-05T20:45:00Z,2024-07-07T21:00:00Z,2895.0,192,True,True,Friday,Sunday,likely_weekly_closure,duration >= 1440 configured minutes; Friday/Saturday before and Sunday/Monday after
1468,2024-07-12T20:45:00Z,2024-07-14T21:00:00Z,2895.0,192,True,True,Friday,Sunday,likely_weekly_closure,duration >= 1440 configured minutes; Friday/Saturday before and Sunday/Monday after
1469,2024-07-19T20:45:00Z,2024-07-21T21:00:00Z,2895.0,192,True,True,Friday,Sunday,likely_weekly_closure,duration >= 1440 configured minutes; Friday/Saturday before and Sunday/Monday after
1470,2024-07-26T20:45:00Z,2024-07-28T21:00:00Z,2895.0,192,True,True,Friday,Sunday,likely_weekly_closure,duration >= 1440 configured minutes; Friday/Saturday before and Sunday/Monday after
1471,2024-08-02T20:45:00Z,2024-08-04T21:00:00Z,2895.0,192,True,True,Friday,Sunday,likely_weekly_closure,duration >= 1440 configured minutes; Friday/Saturday before and Sunday/Monday after
1472,2024-08-09T20:45:00Z,2024-08-11T21:00:00Z,2895.0,192,True,True,Friday,Sunday,likely_weekly_closure,duration >= 1440 configured minutes; Friday/Saturday before and Sunday/Monday after
1473,2024-08-16T20:45:00Z,2024-08-18T21:00:00Z,2895.0,192,True,True,Friday,Sunday,likely_weekly_closure,duration >= 1440 configured minutes; Friday/Saturday before and Sunday/Monday after
1474,2024-08-23T20:45:00Z,2024-08-25T21:00:00Z,2895.0,192,True,True,Friday,Sunday,likely_weekly_closure,duration >= 1440 configured minutes; Friday/Saturday before and Sunday/Monday after
1475,2024-08-30T20:45:00Z,2024-09-01T21:00:00Z,2895.0,192,True,True,Friday,Sunday,likely_weekly_closure,duration >= 1440 configured minutes; Friday/Saturday before and Sunday/Monday after
1476,2024-09-06T20:45:00Z,2024-09-08T21:00:00Z,2895.0,192,True,True,Friday,Sunday,likely_weekly_closure,duration >= 1440 configured minutes; Friday/Saturday before and Sunday/Monday after
1477,2024-09-13T20:45:00Z,2024-09-15T21:00:00Z,2895.0,192,True,True,Friday,Sunday,likely_weekly_closure,duration >= 1440 configured minutes; Friday/Saturday before and Sunday/Monday after
1478,2024-09-20T20:45:00Z,2024-09-22T21:00:00Z,2895.0,192,True,True,Friday,Sunday,likely_weekly_closure,duration >= 1440 configured minutes; Friday/Saturday before and Sunday/Monday after
1479,2024-09-27T20:45:00Z,2024-09-29T21:00:00Z,2895.0,192,True,True,Friday,Sunday,likely_weekly_closure,duration >= 1440 configured minutes; Friday/Saturday before and Sunday/Monday after
1480,2024-10-04T20:45:00Z,2024-10-06T21:00:00Z,2895.0,192,True,True,Friday,Sunday,likely_weekly_closure,duration >= 1440 configured minutes; Friday/Saturday before and Sunday/Monday after
1481,2024-10-11T20:45:00Z,2024-10-13T21:00:00Z,2895.0,192,True,True,Friday,Sunday,likely_weekly_closure,duration >= 1440 configured minutes; Friday/Saturday before and Sunday/Monday after
1482,2024-10-18T20:45:00Z,2024-10-20T21:00:00Z,2895.0,192,True,True,Friday,Sunday,likely_weekly_closure,duration >= 1440 configured minutes; Friday/Saturday before and Sunday/Monday after
1483,2024-10-25T20:45:00Z,2024-10-27T21:00:00Z,2895.0,192,True,True,Friday,Sunday,likely_weekly_closure,duration >= 1440 configured minutes; Friday/Saturday before and Sunday/Monday after
1484,2024-11-01T19:45:00Z,2024-11-03T22:00:00Z,3015.0,200,True,True,Friday,Sunday,likely_weekly_closure,duration >= 1440 configured minutes; Friday/Saturday before and Sunday/Monday after
1485,2024-11-08T21:45:00Z,2024-11-10T22:00:00Z,2895.0,192,True,True,Friday,Sunday,likely_weekly_closure,duration >= 1440 configured minutes; Friday/Saturday before and Sunday/Monday after
1486,2024-11-15T21:45:00Z,2024-11-17T22:00:00Z,2895.0,192,True,True,Friday,Sunday,likely_weekly_closure,duration >= 1440 configured minutes; Friday/Saturday before and Sunday/Monday after
1487,2024-11-22T21:45:00Z,2024-11-24T22:00:00Z,2895.0,192,True,True,Friday,Sunday,likely_weekly_closure,duration >= 1440 configured minutes; Friday/Saturday before and Sunday/Monday after
1488,2024-11-29T21:45:00Z,2024-12-01T22:00:00Z,2895.0,192,True,True,Friday,Sunday,likely_weekly_closure,duration >= 1440 configured minutes; Friday/Saturday before and Sunday/Monday after
1489,2024-12-06T21:45:00Z,2024-12-08T22:00:00Z,2895.0,192,True,True,Friday,Sunday,likely_weekly_closure,duration >= 1440 configured minutes; Friday/Saturday before and Sunday/Monday after
1490,2024-12-13T21:45:00Z,2024-12-15T22:00:00Z,2895.0,192,True,True,Friday,Sunday,likely_weekly_closure,duration >= 1440 configured minutes; Friday/Saturday before and Sunday/Monday after
1491,2024-12-20T21:45:00Z,2024-12-22T22:00:00Z,2895.0,192,True,True,Friday,Sunday,likely_weekly_closure,duration >= 1440 configured minutes; Friday/Saturday before and Sunday/Monday after
1492,2024-12-25T02:00:00Z,2024-12-25T02:30:00Z,30.0,1,True,False,Wednesday,Wednesday,non_weekend_intraday,both endpoints are Monday-Friday; duration is below the configured large-gap threshold; interval is within one UTC date
1493,2024-12-25T04:30:00Z,2024-12-25T05:00:00Z,30.0,1,True,False,Wednesday,Wednesday,non_weekend_intraday,both endpoints are Monday-Friday; duration is below the configured large-gap threshold; interval is within one UTC date
1494,2024-12-25T07:45:00Z,2024-12-25T22:00:00Z,855.0,56,True,False,Wednesday,Wednesday,long_nonweekly_gap,duration >= 720 configured minutes outside the weekly rule; interval is within one UTC date; cause unresolved
1495,2024-12-27T21:45:00Z,2024-12-29T22:00:00Z,2895.0,192,True,True,Friday,Sunday,likely_weekly_closure,duration >= 1440 configured minutes; Friday/Saturday before and Sunday/Monday after
1496,2024-12-31T21:45:00Z,2025-01-01T22:00:00Z,1455.0,96,True,True,Tuesday,Wednesday,long_nonweekly_gap,duration >= 720 configured minutes outside the weekly rule; interval crosses a UTC date; cause unresolved
1497,2025-01-03T21:45:00Z,2025-01-05T22:00:00Z,2895.0,192,True,True,Friday,Sunday,likely_weekly_closure,duration >= 1440 configured minutes; Friday/Saturday before and Sunday/Monday after
1498,2025-01-10T21:45:00Z,2025-01-12T22:00:00Z,2895.0,192,True,True,Friday,Sunday,likely_weekly_closure,duration >= 1440 configured minutes; Friday/Saturday before and Sunday/Monday after
1499,2025-01-17T21:45:00Z,2025-01-19T22:00:00Z,2895.0,192,True,True,Friday,Sunday,likely_weekly_closure,duration >= 1440 configured minutes; Friday/Saturday before and Sunday/Monday after
1500,2025-01-24T21:45:00Z,2025-01-26T22:00:00Z,2895.0,192,True,True,Friday,Sunday,likely_weekly_closure,duration >= 1440 configured minutes; Friday/Saturday before and Sunday/Monday after
1501,2025-01-31T21:45:00Z,2025-02-02T22:00:00Z,2895.0,192,True,True,Friday,Sunday,likely_weekly_closure,duration >= 1440 configured minutes; Friday/Saturday before and Sunday/Monday after
1502,2025-02-07T21:45:00Z,2025-02-09T22:00:00Z,2895.0,192,True,True,Friday,Sunday,likely_weekly_closure,duration >= 1440 configured minutes; Friday/Saturday before and Sunday/Monday after
1503,2025-02-14T21:45:00Z,2025-02-16T22:00:00Z,2895.0,192,True,True,Friday,Sunday,likely_weekly_closure,duration >= 1440 configured minutes; Friday/Saturday before and Sunday/Monday after
1504,2025-02-21T21:45:00Z,2025-02-23T22:00:00Z,2895.0,192,True,True,Friday,Sunday,likely_weekly_closure,duration >= 1440 configured minutes; Friday/Saturday before and Sunday/Monday after
1505,2025-02-28T21:45:00Z,2025-03-02T22:00:00Z,2895.0,192,True,True,Friday,Sunday,likely_weekly_closure,duration >= 1440 configured minutes; Friday/Saturday before and Sunday/Monday after
1506,2025-03-07T21:45:00Z,2025-03-09T20:00:00Z,2775.0,184,True,True,Friday,Sunday,likely_weekly_closure,duration >= 1440 configured minutes; Friday/Saturday before and Sunday/Monday after
1507,2025-03-14T19:45:00Z,2025-03-16T20:00:00Z,2895.0,192,True,True,Friday,Sunday,likely_weekly_closure,duration >= 1440 configured minutes; Friday/Saturday before and Sunday/Monday after
1508,2025-03-21T19:45:00Z,2025-03-23T20:00:00Z,2895.0,192,True,True,Friday,Sunday,likely_weekly_closure,duration >= 1440 configured minutes; Friday/Saturday before and Sunday/Monday after
1509,2025-03-28T19:45:00Z,2025-03-30T21:00:00Z,2955.0,196,True,True,Friday,Sunday,likely_weekly_closure,duration >= 1440 configured minutes; Friday/Saturday before and Sunday/Monday after
1510,2025-03-30T22:45:00Z,2025-03-31T00:00:00Z,75.0,4,True,True,Sunday,Monday,unclassified,interval does not satisfy the configured descriptive category rules
1511,2025-04-04T20:45:00Z,2025-04-06T21:00:00Z,2895.0,192,True,True,Friday,Sunday,likely_weekly_closure,duration >= 1440 configured minutes; Friday/Saturday before and Sunday/Monday after
1512,2025-04-11T20:45:00Z,2025-04-13T21:00:00Z,2895.0,192,True,True,Friday,Sunday,likely_weekly_closure,duration >= 1440 configured minutes; Friday/Saturday before and Sunday/Monday after
1513,2025-04-18T20:45:00Z,2025-04-20T21:00:00Z,2895.0,192,True,True,Friday,Sunday,likely_weekly_closure,duration >= 1440 configured minutes; Friday/Saturday before and Sunday/Monday after
1514,2025-04-25T20:45:00Z,2025-04-27T21:00:00Z,2895.0,192,True,True,Friday,Sunday,likely_weekly_closure,duration >= 1440 configured minutes; Friday/Saturday before and Sunday/Monday after
1515,2025-05-02T20:45:00Z,2025-05-04T21:00:00Z,2895.0,192,True,True,Friday,Sunday,likely_weekly_closure,duration >= 1440 configured minutes; Friday/Saturday before and Sunday/Monday after
1516,2025-05-09T20:45:00Z,2025-05-11T21:00:00Z,2895.0,192,True,True,Friday,Sunday,likely_weekly_closure,duration >= 1440 configured minutes; Friday/Saturday before and Sunday/Monday after
1517,2025-05-16T20:45:00Z,2025-05-18T21:00:00Z,2895.0,192,True,True,Friday,Sunday,likely_weekly_closure,duration >= 1440 configured minutes; Friday/Saturday before and Sunday/Monday after
1518,2025-05-23T20:45:00Z,2025-05-25T21:00:00Z,2895.0,192,True,True,Friday,Sunday,likely_weekly_closure,duration >= 1440 configured minutes; Friday/Saturday before and Sunday/Monday after
1519,2025-05-30T20:45:00Z,2025-06-01T21:00:00Z,2895.0,192,True,True,Friday,Sunday,likely_weekly_closure,duration >= 1440 configured minutes; Friday/Saturday before and Sunday/Monday after
1520,2025-06-06T20:45:00Z,2025-06-08T21:00:00Z,2895.0,192,True,True,Friday,Sunday,likely_weekly_closure,duration >= 1440 configured minutes; Friday/Saturday before and Sunday/Monday after
1521,2025-06-13T20:45:00Z,2025-06-15T21:00:00Z,2895.0,192,True,True,Friday,Sunday,likely_weekly_closure,duration >= 1440 configured minutes; Friday/Saturday before and Sunday/Monday after
1522,2025-06-20T20:45:00Z,2025-06-22T21:00:00Z,2895.0,192,True,True,Friday,Sunday,likely_weekly_closure,duration >= 1440 configured minutes; Friday/Saturday before and Sunday/Monday after
1523,2025-06-27T20:45:00Z,2025-06-29T21:00:00Z,2895.0,192,True,True,Friday,Sunday,likely_weekly_closure,duration >= 1440 configured minutes; Friday/Saturday before and Sunday/Monday after
1524,2025-07-04T20:45:00Z,2025-07-06T21:00:00Z,2895.0,192,True,True,Friday,Sunday,likely_weekly_closure,duration >= 1440 configured minutes; Friday/Saturday before and Sunday/Monday after
1525,2025-07-11T20:45:00Z,2025-07-13T21:00:00Z,2895.0,192,True,True,Friday,Sunday,likely_weekly_closure,duration >= 1440 configured minutes; Friday/Saturday before and Sunday/Monday after
1526,2025-07-18T20:45:00Z,2025-07-20T21:00:00Z,2895.0,192,True,True,Friday,Sunday,likely_weekly_closure,duration >= 1440 configured minutes; Friday/Saturday before and Sunday/Monday after
1527,2025-07-25T20:45:00Z,2025-07-27T21:00:00Z,2895.0,192,True,True,Friday,Sunday,likely_weekly_closure,duration >= 1440 configured minutes; Friday/Saturday before and Sunday/Monday after
1528,2025-08-01T20:45:00Z,2025-08-03T21:00:00Z,2895.0,192,True,True,Friday,Sunday,likely_weekly_closure,duration >= 1440 configured minutes; Friday/Saturday before and Sunday/Monday after
1529,2025-08-08T20:45:00Z,2025-08-10T21:00:00Z,2895.0,192,True,True,Friday,Sunday,likely_weekly_closure,duration >= 1440 configured minutes; Friday/Saturday before and Sunday/Monday after
1530,2025-08-15T20:45:00Z,2025-08-17T21:00:00Z,2895.0,192,True,True,Friday,Sunday,likely_weekly_closure,duration >= 1440 configured minutes; Friday/Saturday before and Sunday/Monday after
1531,2025-08-22T20:45:00Z,2025-08-24T21:00:00Z,2895.0,192,True,True,Friday,Sunday,likely_weekly_closure,duration >= 1440 configured minutes; Friday/Saturday before and Sunday/Monday after
1532,2025-08-29T20:45:00Z,2025-08-31T21:00:00Z,2895.0,192,True,True,Friday,Sunday,likely_weekly_closure,duration >= 1440 configured minutes; Friday/Saturday before and Sunday/Monday after
1533,2025-09-05T20:45:00Z,2025-09-07T21:00:00Z,2895.0,192,True,True,Friday,Sunday,likely_weekly_closure,duration >= 1440 configured minutes; Friday/Saturday before and Sunday/Monday after
1534,2025-09-12T20:45:00Z,2025-09-14T21:00:00Z,2895.0,192,True,True,Friday,Sunday,likely_weekly_closure,duration >= 1440 configured minutes; Friday/Saturday before and Sunday/Monday after
1535,2025-09-19T20:45:00Z,2025-09-21T21:00:00Z,2895.0,192,True,True,Friday,Sunday,likely_weekly_closure,duration >= 1440 configured minutes; Friday/Saturday before and Sunday/Monday after
1536,2025-09-26T20:45:00Z,2025-09-28T21:00:00Z,2895.0,192,True,True,Friday,Sunday,likely_weekly_closure,duration >= 1440 configured minutes; Friday/Saturday before and Sunday/Monday after
1537,2025-10-03T20:45:00Z,2025-10-05T21:00:00Z,2895.0,192,True,True,Friday,Sunday,likely_weekly_closure,duration >= 1440 configured minutes; Friday/Saturday before and Sunday/Monday after
1538,2025-10-10T20:45:00Z,2025-10-12T21:00:00Z,2895.0,192,True,True,Friday,Sunday,likely_weekly_closure,duration >= 1440 configured minutes; Friday/Saturday before and Sunday/Monday after
1539,2025-10-17T20:45:00Z,2025-10-19T21:00:00Z,2895.0,192,True,True,Friday,Sunday,likely_weekly_closure,duration >= 1440 configured minutes; Friday/Saturday before and Sunday/Monday after
1540,2025-10-24T20:45:00Z,2025-10-26T20:00:00Z,2835.0,188,True,True,Friday,Sunday,likely_weekly_closure,duration >= 1440 configured minutes; Friday/Saturday before and Sunday/Monday after
1541,2025-10-31T19:45:00Z,2025-11-02T22:00:00Z,3015.0,200,True,True,Friday,Sunday,likely_weekly_closure,duration >= 1440 configured minutes; Friday/Saturday before and Sunday/Monday after
1542,2025-11-07T21:45:00Z,2025-11-09T22:00:00Z,2895.0,192,True,True,Friday,Sunday,likely_weekly_closure,duration >= 1440 configured minutes; Friday/Saturday before and Sunday/Monday after
1543,2025-11-14T21:45:00Z,2025-11-16T22:00:00Z,2895.0,192,True,True,Friday,Sunday,likely_weekly_closure,duration >= 1440 configured minutes; Friday/Saturday before and Sunday/Monday after
1544,2025-11-21T21:45:00Z,2025-11-23T22:00:00Z,2895.0,192,True,True,Friday,Sunday,likely_weekly_closure,duration >= 1440 configured minutes; Friday/Saturday before and Sunday/Monday after
1545,2025-11-28T21:45:00Z,2025-11-30T22:00:00Z,2895.0,192,True,True,Friday,Sunday,likely_weekly_closure,duration >= 1440 configured minutes; Friday/Saturday before and Sunday/Monday after
1546,2025-12-05T21:45:00Z,2025-12-07T22:00:00Z,2895.0,192,True,True,Friday,Sunday,likely_weekly_closure,duration >= 1440 configured minutes; Friday/Saturday before and Sunday/Monday after
1547,2025-12-12T21:45:00Z,2025-12-14T22:00:00Z,2895.0,192,True,True,Friday,Sunday,likely_weekly_closure,duration >= 1440 configured minutes; Friday/Saturday before and Sunday/Monday after
1548,2025-12-19T21:45:00Z,2025-12-21T22:00:00Z,2895.0,192,True,True,Friday,Sunday,likely_weekly_closure,duration >= 1440 configured minutes; Friday/Saturday before and Sunday/Monday after
1549,2025-12-24T22:30:00Z,2025-12-24T23:00:00Z,30.0,1,True,False,Wednesday,Wednesday,non_weekend_intraday,both endpoints are Monday-Friday; duration is below the configured large-gap threshold; interval is within one UTC date
1550,2025-12-24T23:15:00Z,2025-12-24T23:45:00Z,30.0,1,True,False,Wednesday,Wednesday,non_weekend_intraday,both endpoints are Monday-Friday; duration is below the configured large-gap threshold; interval is within one UTC date
1551,2025-12-25T02:45:00Z,2025-12-25T03:15:00Z,30.0,1,True,False,Thursday,Thursday,non_weekend_intraday,both endpoints are Monday-Friday; duration is below the configured large-gap threshold; interval is within one UTC date
1552,2025-12-25T04:45:00Z,2025-12-25T05:15:00Z,30.0,1,True,False,Thursday,Thursday,non_weekend_intraday,both endpoints are Monday-Friday; duration is below the configured large-gap threshold; interval is within one UTC date
1553,2025-12-25T07:45:00Z,2025-12-25T22:00:00Z,855.0,56,True,False,Thursday,Thursday,long_nonweekly_gap,duration >= 720 configured minutes outside the weekly rule; interval is within one UTC date; cause unresolved
1554,2025-12-26T21:45:00Z,2025-12-28T22:00:00Z,2895.0,192,True,True,Friday,Sunday,likely_weekly_closure,duration >= 1440 configured minutes; Friday/Saturday before and Sunday/Monday after
1555,2025-12-31T21:45:00Z,2026-01-01T22:00:00Z,1455.0,96,True,True,Wednesday,Thursday,long_nonweekly_gap,duration >= 720 configured minutes outside the weekly rule; interval crosses a UTC date; cause unresolved
1556,2026-01-02T21:45:00Z,2026-01-04T22:00:00Z,2895.0,192,True,True,Friday,Sunday,likely_weekly_closure,duration >= 1440 configured minutes; Friday/Saturday before and Sunday/Monday after
1557,2026-01-09T21:45:00Z,2026-01-11T22:00:00Z,2895.0,192,True,True,Friday,Sunday,likely_weekly_closure,duration >= 1440 configured minutes; Friday/Saturday before and Sunday/Monday after
1558,2026-01-16T21:45:00Z,2026-01-18T22:00:00Z,2895.0,192,True,True,Friday,Sunday,likely_weekly_closure,duration >= 1440 configured minutes; Friday/Saturday before and Sunday/Monday after
1559,2026-01-23T21:45:00Z,2026-01-25T22:00:00Z,2895.0,192,True,True,Friday,Sunday,likely_weekly_closure,duration >= 1440 configured minutes; Friday/Saturday before and Sunday/Monday after
1560,2026-01-30T21:45:00Z,2026-02-01T22:00:00Z,2895.0,192,True,True,Friday,Sunday,likely_weekly_closure,duration >= 1440 configured minutes; Friday/Saturday before and Sunday/Monday after
1561,2026-02-06T21:45:00Z,2026-02-08T22:00:00Z,2895.0,192,True,True,Friday,Sunday,likely_weekly_closure,duration >= 1440 configured minutes; Friday/Saturday before and Sunday/Monday after
1562,2026-02-13T21:45:00Z,2026-02-15T22:00:00Z,2895.0,192,True,True,Friday,Sunday,likely_weekly_closure,duration >= 1440 configured minutes; Friday/Saturday before and Sunday/Monday after
1563,2026-02-20T21:45:00Z,2026-02-22T22:00:00Z,2895.0,192,True,True,Friday,Sunday,likely_weekly_closure,duration >= 1440 configured minutes; Friday/Saturday before and Sunday/Monday after
1564,2026-02-27T21:45:00Z,2026-03-01T22:00:00Z,2895.0,192,True,True,Friday,Sunday,likely_weekly_closure,duration >= 1440 configured minutes; Friday/Saturday before and Sunday/Monday after
1565,2026-03-06T21:45:00Z,2026-03-08T20:00:00Z,2775.0,184,True,True,Friday,Sunday,likely_weekly_closure,duration >= 1440 configured minutes; Friday/Saturday before and Sunday/Monday after
1566,2026-03-13T19:45:00Z,2026-03-15T20:00:00Z,2895.0,192,True,True,Friday,Sunday,likely_weekly_closure,duration >= 1440 configured minutes; Friday/Saturday before and Sunday/Monday after
1567,2026-03-20T19:45:00Z,2026-03-22T20:00:00Z,2895.0,192,True,True,Friday,Sunday,likely_weekly_closure,duration >= 1440 configured minutes; Friday/Saturday before and Sunday/Monday after
1568,2026-03-27T19:45:00Z,2026-03-29T21:00:00Z,2955.0,196,True,True,Friday,Sunday,likely_weekly_closure,duration >= 1440 configured minutes; Friday/Saturday before and Sunday/Monday after
1569,2026-03-29T22:45:00Z,2026-03-30T00:00:00Z,75.0,4,True,True,Sunday,Monday,unclassified,interval does not satisfy the configured descriptive category rules
1570,2026-04-03T20:45:00Z,2026-04-05T21:00:00Z,2895.0,192,True,True,Friday,Sunday,likely_weekly_closure,duration >= 1440 configured minutes; Friday/Saturday before and Sunday/Monday after
1571,2026-04-10T20:45:00Z,2026-04-12T21:00:00Z,2895.0,192,True,True,Friday,Sunday,likely_weekly_closure,duration >= 1440 configured minutes; Friday/Saturday before and Sunday/Monday after
1572,2026-04-15T21:30:00Z,2026-04-15T22:00:00Z,30.0,1,True,False,Wednesday,Wednesday,non_weekend_intraday,both endpoints are Monday-Friday; duration is below the configured large-gap threshold; interval is within one UTC date
1573,2026-04-17T20:45:00Z,2026-04-19T21:00:00Z,2895.0,192,True,True,Friday,Sunday,likely_weekly_closure,duration >= 1440 configured minutes; Friday/Saturday before and Sunday/Monday after
1574,2026-04-24T20:45:00Z,2026-04-26T21:00:00Z,2895.0,192,True,True,Friday,Sunday,likely_weekly_closure,duration >= 1440 configured minutes; Friday/Saturday before and Sunday/Monday after
1575,2026-05-01T20:45:00Z,2026-05-03T21:00:00Z,2895.0,192,True,True,Friday,Sunday,likely_weekly_closure,duration >= 1440 configured minutes; Friday/Saturday before and Sunday/Monday after
1576,2026-05-08T20:45:00Z,2026-05-10T21:00:00Z,2895.0,192,True,True,Friday,Sunday,likely_weekly_closure,duration >= 1440 configured minutes; Friday/Saturday before and Sunday/Monday after
1577,2026-05-12T11:45:00Z,2026-05-12T14:00:00Z,135.0,8,True,False,Tuesday,Tuesday,non_weekend_intraday,both endpoints are Monday-Friday; duration is below the configured large-gap threshold; interval is within one UTC date
1578,2026-05-12T18:45:00Z,2026-05-12T20:00:00Z,75.0,4,True,False,Tuesday,Tuesday,non_weekend_intraday,both endpoints are Monday-Friday; duration is below the configured large-gap threshold; interval is within one UTC date
1579,2026-05-15T20:45:00Z,2026-05-17T21:00:00Z,2895.0,192,True,True,Friday,Sunday,likely_weekly_closure,duration >= 1440 configured minutes; Friday/Saturday before and Sunday/Monday after
1580,2026-05-22T06:45:00Z,2026-05-22T08:00:00Z,75.0,4,True,False,Friday,Friday,non_weekend_intraday,both endpoints are Monday-Friday; duration is below the configured large-gap threshold; interval is within one UTC date
1581,2026-05-22T11:45:00Z,2026-05-22T13:00:00Z,75.0,4,True,False,Friday,Friday,non_weekend_intraday,both endpoints are Monday-Friday; duration is below the configured large-gap threshold; interval is within one UTC date
1582,2026-05-22T15:45:00Z,2026-05-22T19:00:00Z,195.0,12,True,False,Friday,Friday,non_weekend_intraday,both endpoints are Monday-Friday; duration is below the configured large-gap threshold; interval is within one UTC date
1583,2026-05-22T19:45:00Z,2026-05-24T21:00:00Z,2955.0,196,True,True,Friday,Sunday,likely_weekly_closure,duration >= 1440 configured minutes; Friday/Saturday before and Sunday/Monday after
1584,2026-05-29T20:45:00Z,2026-05-31T21:00:00Z,2895.0,192,True,True,Friday,Sunday,likely_weekly_closure,duration >= 1440 configured minutes; Friday/Saturday before and Sunday/Monday after
1585,2026-06-05T20:45:00Z,2026-06-07T21:00:00Z,2895.0,192,True,True,Friday,Sunday,likely_weekly_closure,duration >= 1440 configured minutes; Friday/Saturday before and Sunday/Monday after
1586,2026-06-12T20:45:00Z,2026-06-14T21:00:00Z,2895.0,192,True,True,Friday,Sunday,likely_weekly_closure,duration >= 1440 configured minutes; Friday/Saturday before and Sunday/Monday after
1587,2026-06-19T20:45:00Z,2026-06-21T21:00:00Z,2895.0,192,True,True,Friday,Sunday,likely_weekly_closure,duration >= 1440 configured minutes; Friday/Saturday before and Sunday/Monday after
